project,district,marketSegment,startYear,cleanTenure
16 @ AMBER,15,RCR,1000,1000
183 LONGHAUS,20,RCR,1000,1000
26 NEWTON,11,CCR,1000,1000
6 DERBYSHIRE,11,CCR,1000,1000
8 @ MOUNT SOPHIA,9,CCR,2002,103
A TREASURE TROVE,19,OCR,2011,99
ADANA @ THOMSON,20,OCR,1000,1000
ALEX RESIDENCES,3,RCR,2013,99
AQUARIUS BY THE PARK,16,OCR,1996,99
ARCHIPELAGO,16,OCR,2011,99
ARDMORE PARK,10,CCR,1000,1000
ASPEN HEIGHTS,9,CCR,1841,999
AUSTVILLE RESIDENCES,19,OCR,2010,99
AVALON,10,CCR,1000,1000
AVENUE VILLAS,10,CCR,1000,1000
AVON PARK,13,RCR,1000,1000
AZALEA PARK CONDOMINIUM,17,OCR,1885,999
BARTLEY RESIDENCES,19,OCR,2011,99
BAYSHORE PARK,16,OCR,1982,99
BEDOK COURT,16,OCR,1982,99
BEDOK RESIDENCES,16,OCR,2011,99
BEDOK SHOPPING COMPLEX,16,OCR,1977,60
BELLEWATERS,19,OCR,2013,99
BELLEWOODS,25,OCR,2013,99
BIJOU,5,RCR,1000,1000
BISHAN LOFT,20,RCR,2000,99
BISHAN PARK CONDOMINIUM,20,RCR,1991,99
BISHAN POINT,20,RCR,1997,99
BOATHOUSE RESIDENCES,19,OCR,2011,99
BOTANIQUE AT BARTLEY,19,OCR,2014,99
BOTANNIA,5,OCR,1928,956
BRADDELL VIEW,20,RCR,1981,99
BURLINGTON SQUARE,7,RCR,1996,99
BUTTERWORTH 8,15,RCR,1000,1000
CACTUS BLOOM,28,OCR,1000,1000
CAIRNHILL CREST,9,CCR,1000,1000
CAIRNHILL NINE,9,CCR,2014,99
CALARASI,12,RCR,1000,1000
CANBERRA RESIDENCES,27,OCR,2010,99
CANNE LODGE,14,RCR,1000,1000
CARABELLE,5,OCR,1928,956
CARIBBEAN AT KEPPEL BAY,4,RCR,1999,99
CARISSA PARK CONDOMINIUM,17,OCR,1000,1000
CASHEW HEIGHTS CONDOMINIUM,23,OCR,1882,999
CASPIAN,22,OCR,2008,99
CASSIA VIEW,14,RCR,1000,1000
CASTLE GREEN,26,OCR,1993,99
CASUARINA COVE,15,RCR,1993,99
CAVENAGH COURT,9,CCR,1000,1000
CENTRAL GREEN CONDOMINIUM,3,RCR,1992,99
CENTRAL IMPERIAL,14,RCR,1000,1000
CENTURY MANSIONS,23,OCR,1000,1000
CHANGI COURT,16,OCR,1000,1000
CHANGI GREEN,16,OCR,1000,1000
CHANTILLY RISE,23,OCR,1000,1000
CHARLESTON,10,CCR,1000,1000
CHEN FANG MANSIONS,14,RCR,1000,1000
CHILTERN PARK,19,OCR,1991,99
CHUAN PARK,19,OCR,1980,99
CITY GATE,7,RCR,2014,99
CITY SQUARE RESIDENCES,8,RCR,1000,1000
CITYLIGHTS,8,RCR,2004,99
CLEMENTI PARK,21,OCR,1000,1000
CLOVER BY THE PARK,20,RCR,2007,99
COCO PALMS,18,OCR,2008,99
COMMONWEALTH TOWERS,3,RCR,2013,99
COTE D'AZUR,15,RCR,2001,99
CUBE 8,11,CCR,1000,1000
CYAN,10,CCR,1000,1000
D'LEEDON,10,CCR,2010,99
D'MANOR,16,OCR,1997,99
D'NEST,18,OCR,2010,99
DOVER PARKVIEW,5,RCR,1993,99
DUNMAN VIEW,15,RCR,1997,99
E MAISON,13,OCR,1000,1000
EAST BAY GARDENS,15,OCR,1995,99
EAST MEADOWS,16,OCR,1998,99
EAST SHINE,14,OCR,1000,1000
EASTPOINT GREEN,18,OCR,1996,99
ECO SANCTUARY,23,OCR,2012,99
EIGHT COURTYARDS,27,OCR,2010,99
ELIAS GREEN,18,OCR,1991,99
EQUATORIAL APARTMENTS,15,RCR,1000,1000
ESTELLA GARDENS,17,OCR,1000,1000
EUHABITAT,14,OCR,2010,99
EUNOSVILLE,14,RCR,1986,102
EUPHONY GARDENS,27,OCR,1998,99
FABER GARDEN CONDOMINIUM,20,RCR,1000,1000
FERNWOOD TOWERS,15,OCR,1000,1000
FERRARIA PARK CONDOMINIUM,17,OCR,1000,1000
FLAMINGO VALLEY,15,OCR,1000,1000
FLO RESIDENCE,19,OCR,2011,99
FLORAVIEW,20,OCR,1000,1000
FLORENCE REGENCY,19,OCR,1985,103
FORESTVILLE,25,OCR,2012,99
FORTE SUITES,8,RCR,1000,1000
FULCRUM,15,RCR,1000,1000
GALLOP PARK,10,CCR,1000,1000
GAMBIER COURT,9,CCR,1997,99
GARDENVISTA,21,RCR,1999,99
GOLD COAST CONDOMINIUM,5,RCR,1000,1000
GUILIN VIEW,23,OCR,1996,99
GUILLEMARD EDGE,14,RCR,1000,1000
GUILLEMARD SUITES,14,RCR,1000,1000
H2O RESIDENCES,28,OCR,2010,99
HAIG COURT,15,RCR,1000,1000
HAPPY ESTATE,20,OCR,1000,1000
HAZEL PARK CONDOMINIUM,23,OCR,1882,999
HELIOS RESIDENCES,9,CCR,1000,1000
HIGH PARK RESIDENCES,28,OCR,2014,99
HILLCREST ARCADIA,11,CCR,1975,99
HILLINGTON GREEN,23,OCR,1883,999
HILLION RESIDENCES,23,OCR,2013,99
HILLS TWOONE,23,OCR,1000,1000
HILLTOP GROVE,23,OCR,1996,99
HILLVIEW HEIGHTS,23,OCR,1000,1000
HILLVIEW REGENCY,23,OCR,2000,99
HILLVIEW VILLAS,23,OCR,1000,1000
HILLVISTA,23,OCR,1000,1000
HOCK SWEE HILL,28,OCR,1000,1000
HOLLAND GARDENS,10,CCR,1885,999
HOLT RESIDENCES,10,CCR,1000,1000
HONG KONG PARK,21,RCR,1879,999
HORIZON GARDENS,20,OCR,1995,99
HUNDRED TREES,5,OCR,1928,956
ICON,2,CCR,2002,99
IDYLLIC RESIDENCES,15,OCR,1000,1000
IVORY HEIGHTS,22,OCR,1986,100
JARDIN,21,RCR,1000,1000
JEWEL @ BUANGKOK,19,OCR,2012,99
JUNIPER AT ARDMORE,10,CCR,1000,1000
KENSINGTON PARK CONDOMINIUM,19,OCR,1878,999
KENTISH COURT,8,RCR,1995,99
KERRISDALE,8,RCR,1998,99
KEW VALE,16,OCR,1994,99
KINGSFORD . HILLVIEW PEAK,23,OCR,2012,99
KINGSFORD WATERBAY,19,OCR,2014,99
KISMIS VIEW,21,RCR,1983,99
KOVAN GRANDEUR,19,OCR,2010,99
KOVAN MELODY,19,OCR,2004,99
KOVAN RESIDENCES,19,OCR,2007,99
LA CASA,25,OCR,2004,99
LA FIESTA,19,OCR,2012,99
LAGOON VIEW,15,OCR,1977,99
LAKE LIFE,22,OCR,2013,99
LAKEHOLMZ,22,OCR,2001,99
LAKEVILLE,22,OCR,2013,99
LANDED HOUSING DEVELOPMENT,19,OCR,1000,1000
LANDMARK TOWER,3,RCR,1980,99
LANGSTON VILLE,9,CCR,1841,999
LEEDON RESIDENCE,10,CCR,1000,1000
LILYDALE,27,OCR,2000,99
LINCOLN SUITES,11,CCR,1000,1000
LIVIA,18,OCR,2008,99
LOYANG VALLEY,17,OCR,1982,99
LOYANG VILLAS,17,OCR,1993,99
LUXUS HILLS,28,OCR,1879,999
MANDAI GARDEN,26,OCR,1884,999
MANDALAY TOWERS,11,CCR,1000,1000
MANDARIN GARDENS,15,OCR,1982,99
MARINA BAY RESIDENCES,1,CCR,2005,99
MEADOWS @ PEIRCE,26,OCR,1000,1000
MELOSA,14,RCR,1000,1000
MELVILLE PARK,18,OCR,1992,99
MERA GARDENS,23,OCR,1994,99
MI CASA,23,OCR,2008,99
MINBU COURT,11,CCR,1000,1000
MODENA,18,OCR,1997,99
MON JERVOIS,10,CCR,2012,99
MONTEBLEU,11,CCR,1000,1000
NAUNG RESIDENCE,19,OCR,1883,999
NEPTUNE COURT,15,OCR,1975,99
NEWEST,5,OCR,1928,956
NORTH PARK RESIDENCES,27,OCR,2015,99
NORTHVALE,23,OCR,1995,99
NOVENA COURT,11,CCR,1000,1000
OCEAN PARK,15,OCR,1000,1000
OLEANDER TOWERS,12,RCR,1995,99
ONE AMBER,15,RCR,1000,1000
ONE DEVONSHIRE,9,CCR,1000,1000
ONE EIGHTIES RESIDENCES,15,RCR,1000,1000
ORCHID PARK CONDOMINIUM,27,OCR,1991,99
OUE TWIN PEAKS,9,CCR,2010,99
PALM GARDENS,23,OCR,1996,99
PALM GREEN,5,RCR,1000,1000
PARADISE PALMS,15,RCR,1000,1000
PARC EMILY,9,CCR,1000,1000
PARC IMPERIAL,5,RCR,1000,1000
PARC OASIS,22,OCR,1991,99
PARC PALAIS,21,OCR,1000,1000
PARC ROSEWOOD,25,OCR,2011,99
PARC VISTA,22,OCR,1995,99
PARK GREEN,19,OCR,2001,99
PARK INFINIA AT WEE NAM,11,CCR,1000,1000
PARK WEST,5,OCR,1982,99
PARKVIEW APARTMENTS,23,OCR,1994,99
PEACE CENTRE/MANSIONS,9,CCR,1970,99
PEIRCE VIEW,20,OCR,1000,1000
PINE GROVE,21,RCR,1984,99
PINEWOOD GARDENS,10,CCR,1000,1000
PRESIDIO,15,RCR,1000,1000
PRIME RESIDENCE,14,RCR,1000,1000
PRINCIPAL GARDEN,3,RCR,2014,99
QUEENS,3,RCR,1998,99
QUESTA @ DUNMAN,15,RCR,1000,1000
REFLECTIONS AT KEPPEL BAY,4,RCR,2006,99
RESIDENCES @ EVELYN,11,CCR,1000,1000
RESIDENCES BOTANIQUE,19,OCR,1000,1000
RIDGEWOOD,10,CCR,1885,999
RIO CASA,19,OCR,1986,104
RIVERBANK @ FERNVALE,28,OCR,2013,99
RIVERBAY,12,RCR,1882,999
RIVERSAILS,19,OCR,2011,99
RIVERSOUND RESIDENCE,19,OCR,2011,99
RIVERTREES RESIDENCES,28,OCR,2013,99
RIVERVALE CREST,19,OCR,1997,99
ROBIN RESIDENCES,10,CCR,1000,1000
ROBIN SUITES,10,CCR,1000,1000
ROSEWOOD,25,OCR,2000,99
ROSEWOOD SUITES,25,OCR,2008,99
RV EDGE,10,CCR,1000,1000
RV RESIDENCES,10,CCR,1877,999
SAVANNAH CONDOPARK,18,OCR,2000,99
SCOTTS SQUARE,9,CCR,1000,1000
SEA HORIZON,18,OCR,2013,99
SEASONS PARK,26,OCR,1995,99
SEASONS VIEW,20,RCR,1996,99
SEASTRAND,18,OCR,2011,99
SELETAR SPRINGS CONDOMINIUM,28,OCR,1997,99
SELETARIS,27,OCR,1000,1000
SEMBAWANG HILLS ESTATE,20,OCR,1000,1000
SERANGOON GARDEN ESTATE,19,OCR,1955,999
SERANGOON PARK,13,OCR,1000,1000
SEVEN PALMS SENTOSA COVE,4,CCR,2007,99
SIGNATURE AT YISHUN,27,OCR,2014,99
SIGNATURE PARK,21,RCR,1000,1000
SIMEI GREEN CONDOMINIUM,18,OCR,1996,99
SIMS URBAN OASIS,14,RCR,2014,99
SIMSVILLE,14,RCR,1994,99
SKY VUE,20,RCR,2013,99
SKY@ELEVEN,11,CCR,1000,1000
SKYLINE @ ORCHARD BOULEVARD,9,CCR,1000,1000
SKYLINE RESIDENCES,4,RCR,1000,1000
SKYPARK RESIDENCES,27,OCR,2013,99
SKYSUITES17,12,RCR,1000,1000
SOL ACRES,23,OCR,2014,99
SOLEIL @ SINARAN,11,CCR,2006,99
SOMMERVILLE PARK,10,CCR,1000,1000
SOPHIA HILLS,9,CCR,2013,99
SOUTHAVEN II,21,OCR,1877,999
SPRING GROVE,10,CCR,1991,99
SPRINGHILL,27,OCR,2002,99
ST ANNE'S WOOD,19,OCR,1875,999
ST FRANCIS LODGE,12,RCR,1000,1000
ST REGIS RESIDENCES SINGAPORE,10,CCR,1995,999
STARLIGHT SUITES,9,CCR,1000,1000
STRATA,11,CCR,1000,1000
SUITES @ EUNOS,14,OCR,1000,1000
SUMMERDALE,22,OCR,1997,99
SUMMERHILL,21,OCR,1000,1000
SUNGLADE,19,OCR,2000,99
SUNVILLE,12,RCR,1000,1000
SUTTON PLACE,10,CCR,1000,1000
SYMPHONY SUITES,27,OCR,2014,99
TANAH MERAH GREEN,16,OCR,1997,99
TANGLIN VIEW,3,RCR,1997,99
TEMBELING CENTRE,15,RCR,1000,1000
TEN @ SUFFOLK,11,CCR,1000,1000
TERRASSE,19,OCR,2010,99
THE AMORE,19,OCR,2013,99
THE ARC AT DRAYCOTT,10,CCR,1000,1000
THE ARCADIA,11,CCR,1979,99
THE ARISTO @ AMBER,15,RCR,1000,1000
THE ARTE,12,RCR,1000,1000
THE BAYSHORE,16,OCR,1993,99
THE BELVEDERE,15,RCR,1000,1000
THE BENTLY RESIDENCES@KOVAN,19,OCR,1000,1000
THE BROWNSTONE,27,OCR,2014,99
THE CLEARWATER,16,OCR,1997,99
THE CLIFT,1,CCR,2004,99
THE CREEK @ BUKIT,21,RCR,1000,1000
THE CREST,3,RCR,2012,99
THE CRITERION,27,OCR,2014,99
THE DAIRY FARM,23,OCR,1000,1000
THE EBONY,14,OCR,1000,1000
THE EDEN AT TAMPINES,18,OCR,2000,99
THE ELEGANCE @ CHANGI,15,RCR,1000,1000
THE ESTA,15,RCR,1000,1000
THE ESTUARY,27,OCR,2008,99
THE FLORAVALE,22,OCR,1997,99
THE FORD @ HOLLAND,10,CCR,1000,1000
THE GARDENS AT BISHAN,20,RCR,1997,99
THE GERANIUM,15,RCR,1000,1000
THE GLADES,16,OCR,2013,99
THE INFINITI,5,OCR,1000,1000
THE INTERLACE,4,RCR,2009,99
THE LAKESHORE,22,OCR,2002,99
THE LINEAR,23,OCR,1876,999
THE LOFT,10,CCR,1999,99
THE LUXURIE,19,OCR,2011,99
THE MADEIRA,23,OCR,2000,99
THE MAKENA,15,RCR,1000,1000
THE MAYFAIR,22,OCR,1996,99
THE MERCURY,10,CCR,1000,1000
THE METROPOLITAN CONDOMINIUM,3,RCR,2006,99
THE MINTON,19,OCR,2007,99
THE MORNINGSIDE,9,CCR,1000,1000
THE NAUTICAL,27,OCR,2011,99
THE NEXUS,21,RCR,1000,1000
THE PALETTE,18,OCR,2010,99
THE PANORAMA,20,OCR,2013,99
THE PARC CONDOMINIUM,5,OCR,1000,1000
THE PARK VALE,11,CCR,1874,999
THE PEARL @ MOUNT FABER,4,RCR,2002,99
THE POIZ RESIDENCES,13,RCR,2014,99
THE QUINTET,23,OCR,2003,99
THE REGALIA,9,CCR,1000,1000
THE REGENCY AT TIONG BAHRU,3,RCR,1000,1000
THE RISE @ OXLEY - RESIDENCES,9,CCR,1000,1000
THE RITZ-CARLTON RESIDENCES SINGAPORE CAIRNHILL,9,CCR,1000,1000
THE RIVERINA,18,OCR,1996,99
THE SAIL @ MARINA BAY,1,CCR,2002,99
THE SANTORINI,18,OCR,2013,99
THE SEAWIND,15,OCR,1000,1000
THE SHORE RESIDENCES,15,RCR,2009,103
THE SIXTH AVENUE RESIDENCES,10,CCR,1000,1000
THE SKYWOODS,23,OCR,2012,99
THE SPRINGSIDE,26,OCR,1000,1000
THE SUMMIT,16,OCR,1000,1000
THE SUNNY SPRING,14,RCR,1000,1000
THE SUNSHINE,19,OCR,1000,1000
THE TENERIFFE,10,CCR,1996,99
THE TERRACE,19,OCR,2013,99
THE TESSARINA,10,CCR,1000,1000
THE TRILINQ,5,OCR,2012,99
THE TROPICA,18,OCR,1996,99
THE TRUMPS,14,OCR,2000,99
THE VALES,19,OCR,2014,99
THE VENUE RESIDENCES,13,RCR,2012,99
THE VUE,19,OCR,1000,1000
THE WARREN,23,OCR,2001,99
THE WATER EDGE,14,RCR,1000,1000
THE WATERSIDE,15,RCR,1000,1000
THE WISTERIA,27,OCR,2015,99
THOMSON EURO-ASIA,11,CCR,1000,1000
THOMSON GARDEN ESTATE,20,RCR,1000,1000
THOMSON HILLS ESTATE,20,OCR,1000,1000
THOMSON IMPRESSIONS,20,RCR,2015,99
THREE THREE ROBIN,10,CCR,1000,1000
TREASURES@G6,14,RCR,1000,1000
TREVISTA,12,RCR,2008,99
TRIBECA,9,CCR,1000,1000
TRILIVE,19,OCR,1000,1000
TWIN FOUNTAINS,25,OCR,2012,99
TWIN REGENCY,3,RCR,1000,1000
TWIN WATERFALLS,19,OCR,2011,99
URBAN LOFTS,8,RCR,1000,1000
VACANZA @ EAST,14,OCR,1000,1000
VAUGHAN GARDEN,13,OCR,1000,1000
VILLA DE WEST,5,RCR,1000,1000
VILLA MARINA,15,OCR,1995,99
VILLA MARTIA,15,OCR,1000,1000
VILLAGE @ PASIR PANJANG,5,RCR,1000,1000
VILLAGE TOWER,10,CCR,1000,1000
VIVA,11,CCR,1000,1000
VUE 8 RESIDENCE,18,OCR,2012,99
WANDERVALE,23,OCR,2014,99
WATER PLACE,15,RCR,1998,99
WATERFRONT @ FABER,5,OCR,2013,99
WATERFRONT KEY,16,OCR,2007,99
WATERFRONT WAVES,16,OCR,2007,99
WATERSCAPE AT CAVENAGH,9,CCR,1000,1000
WATERTOWN,19,OCR,2011,99
WATERVIEW,18,OCR,2010,99
WEST PARK REGENCY,5,RCR,1000,1000
WESTMERE,22,OCR,1996,99
WESTVILLE,22,OCR,1994,99
WESTWOOD PARK,22,OCR,1994,99
WESTWOOD RESIDENCES,22,OCR,2014,99
WHITEWATER,18,OCR,2002,99
WILKIE 80,9,CCR,1000,1000
WOLSKEL LODGE,13,OCR,1000,1000
WOODSVALE,25,OCR,1997,99
YISHUN EMERALD,27,OCR,1998,99
ZENITH,10,CCR,1877,999
11 AMBER ROAD,15,RCR,1000,1000
111 EMERALD HILL,9,CCR,1000,1000
38 I SUITES,15,RCR,1000,1000
833 M B RESIDENCES,15,RCR,1000,1000
8@WOODLEIGH,13,RCR,2008,99
8M RESIDENCES,15,RCR,1000,1000
ADAM PARK CONDOMINIUM,11,CCR,1000,1000
ALEGRIA,11,CCR,1000,1000
ALTEZ,2,CCR,2008,99
ALWYN PARK,19,OCR,1000,1000
ARDMORE THREE,10,CCR,1000,1000
ASPEN LOFT,15,RCR,1000,1000
ASTORIA PARK,14,OCR,1993,99
ASTRID MEADOWS,10,CCR,1000,1000
ATRIUM RESIDENCES,14,RCR,1000,1000
ATTITUDE AT KIM YAM,9,CCR,1841,999
AVANT PARC,27,OCR,2011,99
AVILA TERRACE,17,OCR,1000,1000
BARTLEY RIDGE,13,RCR,2012,99
BASSEIN COURT,11,CCR,1000,1000
BEAVERTON COURT,10,CCR,1000,1000
BELGRAVIA PARK,28,OCR,1000,1000
BELLE VUE RESIDENCES,9,CCR,1000,1000
BELMOND GREEN,10,CCR,1000,1000
BISHAN 8,20,RCR,1996,99
BLEU @ EAST COAST,16,OCR,1000,1000
BULLION PARK,26,OCR,1000,1000
CAIRNHILL PLAZA,9,CCR,1000,1000
CAIRNHILL RESIDENCES,9,CCR,1000,1000
CALLIDORA VILLE,15,OCR,1000,1000
CAPITOL PARK,11,CCR,1000,1000
CASA MERAH,16,OCR,2006,99
CASABLANCA,25,OCR,2001,99
CASAFINA,16,OCR,1996,99
CAVENDISH PARK,21,RCR,1991,99
CELADON VIEW,17,OCR,1885,999
CENTENNIA SUITES,9,CCR,1000,1000
CENTRA HEIGHTS,14,RCR,1000,1000
CENTRA STUDIOS,14,RCR,1000,1000
CENTRAL GROVE,14,RCR,1997,99
CENTRAL VIEW,19,OCR,1998,99
CHANGI RISE CONDOMINIUM,18,OCR,2000,99
CHARLTON VILLAS,19,OCR,1000,1000
CHATELET,10,CCR,1000,1000
CHELSEA LODGE,15,RCR,1000,1000
CHERRY GARDENS,19,OCR,1996,99
CHESTERVALE,23,OCR,1997,99
CHIVERTON,10,CCR,1000,1000
CITIGATE RESIDENCE,8,RCR,1000,1000
CITY LOFT,8,RCR,1000,1000
CITY PLAZA,14,RCR,1000,1000
CLAREMONT,9,CCR,1000,1000
CLEMENTIWOODS CONDOMINIUM,5,OCR,2006,99
CLUNY PARK RESIDENCE,10,CCR,1000,1000
COASTAL BREEZE RESIDENCES,17,OCR,2008,99
COASTARINA,15,OCR,1000,1000
COMPASS HEIGHTS,19,OCR,2000,99
CORALIS,15,RCR,1000,1000
CORALS AT KEPPEL BAY,4,RCR,2007,99
COSTA DEL SOL,16,OCR,1997,99
COSTA RHU,15,RCR,1994,99
COUNTRY GRANDEUR,20,RCR,1000,1000
CRAIG PLACE,2,RCR,1997,99
CRYSTAL HEIGHTS,5,RCR,1000,1000
CUSCADEN RESIDENCES,10,CCR,1000,1000
D' CASITA,14,OCR,1000,1000
D'LOTUS,12,RCR,1000,1000
D'WEAVE,14,RCR,1000,1000
DAKOTA RESIDENCES,14,RCR,2007,99
DE CENTURION,15,RCR,1000,1000
DEDAP GARDENS,28,OCR,1879,999
DOUBLE BAY RESIDENCES,18,OCR,2008,99
DUCHESS CREST,10,CCR,1995,99
DUCHESS RESIDENCES,10,CCR,1875,999
DUKES RESIDENCE,10,CCR,1000,1000
DUNEARN SUITES,11,CCR,1000,1000
EAST COAST RESIDENCES,16,OCR,1000,1000
EASTWOOD REGENCY,16,OCR,1000,1000
EDEN CREST,19,OCR,1000,1000
EIGHT RIVERSUITES,12,RCR,2011,99
ESPARINA RESIDENCES,19,OCR,2010,99
ESTA RUBY,14,RCR,1000,1000
FAIRLODGE,10,CCR,1000,1000
FAIRMOUNT CONDOMINIUM,16,OCR,1996,99
FERN LODGE,14,RCR,1000,1000
FERRELL RESIDENCES,10,CCR,1000,1000
FLORAVILLE,28,OCR,1000,1000
FOOK HAI BUILDING,1,RCR,1972,99
FOREST HILLS CONDOMINIUM,26,OCR,2000,99
FOUR SEASONS PARK,10,CCR,1000,1000
FRANKEL ESTATE,15,OCR,1000,1000
GALLOP GREEN,10,CCR,1000,1000
GLENDALE PARK,23,OCR,1000,1000
GLOUCESTER MANSIONS,11,CCR,1000,1000
GOLDEN HILL ESTATE,20,OCR,1000,1000
GOLDENHILL PARK CONDOMINIUM,20,OCR,1000,1000
GOODLUCK GARDEN,21,RCR,1000,1000
GOODWOOD RESIDENCE,10,CCR,1000,1000
GRANDE VISTA,28,OCR,1886,999
GROVE RESIDENCE,10,CCR,1000,1000
HAWAII TOWER,15,RCR,1000,1000
HEDGES PARK CONDOMINIUM,17,OCR,2010,99
HIGHGATE,21,RCR,1000,1000
HIGHLINE RESIDENCES,3,RCR,2013,99
HILLBROOKS,23,OCR,1000,1000
HILLVIEW GARDEN ESTATE,23,OCR,1000,1000
HOLLAND GROVE,10,CCR,1994,99
HOLLANDSWOOD COURT,10,CCR,1975,99
HORIZON TOWERS,9,CCR,1979,99
HOUGANG GREEN,19,OCR,1994,99
HUME PARK I,21,OCR,1000,1000
HUME PARK II,21,OCR,1000,1000
INTERNATIONAL PLAZA,2,CCR,1970,99
JLB RESIDENCES,17,OCR,1937,946
KASTURINA LODGE,10,CCR,1000,1000
KEW RESIDENCIA,16,OCR,1994,99
KING'S MANSION,15,RCR,1000,1000
KOVAN LODGE,19,OCR,1000,1000
LA FLEUR,14,RCR,1000,1000
LAGUNA 88,16,OCR,1995,99
LAGUNA PARK,15,OCR,1977,99
LAKEPOINT CONDOMINIUM,22,OCR,1983,99
LATITUDE,10,CCR,1000,1000
LEGENDA AT JOO CHIAT,15,RCR,2001,99
LOTUS VILLE,15,OCR,1000,1000
LUMA,9,CCR,1000,1000
LUXUS HILLS (PH 7),28,OCR,1879,999
LYNNSVILLE 331,5,RCR,1000,1000
MACPHERSON GARDEN ESTATE,13,RCR,1000,1000
MANILA GARDENS,15,OCR,1000,1000
MAPLE WOODS,21,RCR,1000,1000
MARINE BLUE,15,RCR,1000,1000
MARTIN PLACE RESIDENCES,9,CCR,1000,1000
MAYFAIR GARDENS (DEMOLISHED),21,RCR,1983,99
MAYSPRINGS,23,OCR,1994,99
MERIDIAN 38,15,OCR,1000,1000
MONTEREY PARK CONDOMINIUM,5,OCR,1885,999
MONTVIEW,10,CCR,1000,1000
NATURALIS,15,OCR,1000,1000
NIN RESIDENCE,13,RCR,2010,99
NORTHOAKS,25,OCR,1997,99
NOUVELLE PARK,19,OCR,1000,1000
NOVENA REGENCY,11,CCR,1000,1000
NUOVO,20,OCR,2001,99
ONE OXLEY RISE,9,CCR,1000,1000
ONE TREE HILL RESIDENCE,10,CCR,1000,1000
ONE-NORTH RESIDENCES,5,RCR,2005,99
OPERA ESTATE,15,OCR,1000,1000
ORANGE GROVE RESIDENCES,10,CCR,1000,1000
ORCHARD COURT,9,CCR,1973,99
PALM ISLES,17,OCR,2011,99
PALM MANSIONS,5,RCR,1000,1000
PALMERA RESIDENCE,15,OCR,1000,1000
PAPILLON,12,RCR,1000,1000
PARC LIFE,27,OCR,2014,99
PARC VERA,19,OCR,2010,99
PARK NATURA,23,RCR,1000,1000
PARK VILLAS,19,OCR,1994,99
PARVIS,10,CCR,1000,1000
PATERSON LINC,9,CCR,1000,1000
PEARL BANK APARTMENT,3,RCR,1970,99
PEOPLE'S GARDEN,19,OCR,1876,999
PINEVALE,18,OCR,1997,99
PLATINUM EDGE,13,RCR,1000,1000
PROXIMO,10,CCR,1000,1000
RAFFLESIA CONDOMINIUM,20,RCR,1997,99
RAINTREE GARDENS,13,RCR,1987,99
RANGOON 88,8,RCR,1000,1000
REGENCY PARK,10,CCR,1000,1000
REGENT GROVE,23,OCR,1997,99
REGENT HEIGHTS,23,OCR,1995,99
REGENT PARK,5,OCR,1993,99
REGENTVILLE,19,OCR,1996,99
RIA APARTMENTS,5,RCR,1000,1000
RIO VISTA,19,OCR,2001,99
RIPPLE BAY,18,OCR,2011,99
RIS GRANDEUR,18,OCR,1000,1000
RITZ MANSIONS,12,RCR,1000,1000
RIVER PLACE,3,RCR,1995,99
RIVERGATE,9,CCR,1000,1000
RIVIERA POINT,9,CCR,1000,1000
RIVIERA RESIDENCES,16,OCR,1000,1000
ROCCA BALESTIER,12,RCR,1000,1000
ROSALIA PARK,19,OCR,1000,1000
SANNY PARK,11,CCR,1000,1000
SCOTTS 28,9,CCR,1000,1000
SCOTTS HIGHPARK,9,CCR,1000,1000
SEA ESTA,18,OCR,2012,99
SELETAR HILLS ESTATE,28,OCR,1879,999
SELETAR PARK RESIDENCE,28,OCR,2011,99
SENNETT RESIDENCE,13,RCR,2011,99
SERANGOON VILLE,19,OCR,1986,100
SERAYA 9,15,RCR,1000,1000
SERENITY BREEZE,15,OCR,1000,1000
SEVEN CRESCENT,15,RCR,1000,1000
SHELFORD 23,11,CCR,1000,1000
SIGNATURE RESIDENCE,15,RCR,1000,1000
SILVERSEA,15,RCR,2007,99
SINGA HILLS,14,OCR,1000,1000
SKIES MILTONIA,27,OCR,2012,99
SKYSUITES@ANSON,2,CCR,2008,99
SOHO 188,8,RCR,1000,1000
SOHO @ FARRER,8,RCR,1000,1000
ST MARTIN RESIDENCE,10,CCR,1000,1000
STARVILLE,14,OCR,1000,1000
STRATUM,18,OCR,2012,99
STUDIOS@TEMBELING,15,RCR,1000,1000
STURDEE RESIDENCES,8,RCR,2015,99
SUITES @ PAYA LEBAR,19,OCR,1000,1000
SUITES AT ORCHARD,9,CCR,2007,99
SUMMER PLACE,19,OCR,1000,1000
SUMMER VILLAS,28,OCR,1000,1000
TAI HWAN GARDEN,19,OCR,1000,1000
TAI KENG GARDENS,19,OCR,1000,1000
TAI KENG VILLAS,19,OCR,1996,99
TAMPINES COURT,18,OCR,1985,101
TANAMERA CREST,16,OCR,2000,99
TANGLIN PARK,10,CCR,1000,1000
TANJONG RIA CONDOMINIUM,15,RCR,1993,99
TESSA LODGE,15,RCR,1000,1000
THE ACACIAS,13,OCR,1000,1000
THE AMERY,15,OCR,1000,1000
THE ANCHORAGE,3,RCR,1000,1000
THE ATRIA AT MEYER,15,RCR,1000,1000
THE BEAUMONT,9,CCR,1000,1000
THE BERTH BY THE COVE,4,CCR,2004,99
THE BLOSSOMVALE,21,RCR,1884,999
THE BOUTIQ,9,CCR,1000,1000
THE CALROSE,26,OCR,1000,1000
THE CANOPY,27,OCR,2010,99
THE CASCADIA,21,RCR,1000,1000
THE CENTRIS,22,OCR,2006,99
THE CITRINE,12,RCR,1000,1000
THE COAST AT SENTOSA COVE,4,CCR,2006,99
THE DEW,23,OCR,2000,99
THE EDGE ON CAIRNHILL,9,CCR,1000,1000
THE EQUATORIAL,10,CCR,1000,1000
THE ESPARIS,18,OCR,2002,99
THE ESPIRA,15,OCR,1000,1000
THE FLORIDA,19,OCR,1997,99
THE HILLSIDE,21,OCR,1000,1000
THE HOLLAND COLLECTION,10,CCR,1000,1000
THE INTERWEAVE,12,RCR,1000,1000
THE MARQUE @ IRRAWADDY,12,RCR,1000,1000
THE MAYLEA,5,RCR,1000,1000
THE MERLOT,8,RCR,1000,1000
THE MEZZO,12,RCR,1000,1000
THE MILTONIA RESIDENCES,27,OCR,2010,99
THE MINT RESIDENCES,15,RCR,1000,1000
THE OCEANFRONT @ SENTOSA COVE,4,CCR,2005,99
THE ORCHARD RESIDENCES,9,CCR,2006,99
THE ORIENT,5,RCR,1000,1000
THE PATERSON,9,CCR,1000,1000
THE PEAK@BALMEG,5,RCR,1000,1000
THE PETALS,23,OCR,1000,1000
THE PRINCETON,10,CCR,1000,1000
THE PROMINENCE,15,RCR,1000,1000
THE QUARTZ,19,OCR,2005,99
THE QUAYSIDE,9,CCR,1994,99
THE QUINN,19,OCR,1000,1000
THE RIVERINE BY THE PARK,12,RCR,1000,1000
THE RIVERVALE,19,OCR,1997,99
THE SCALA,19,OCR,2010,99
THE SEA VIEW,15,RCR,1000,1000
THE SEAFRONT ON MEYER,15,RCR,1000,1000
THE SHELFORD,11,CCR,1000,1000
THE SIENA,10,CCR,2013,99
THE SILVER SPURZ,19,OCR,1000,1000
THE SOLITAIRE,10,CCR,1000,1000
THE SPRINGFIELD,16,OCR,1995,99
THE STERLING,21,RCR,1000,1000
THE SUNNYDALE,19,OCR,1997,99
THE TANAMERA,16,OCR,1990,99
THE TATE RESIDENCES,9,CCR,1000,1000
THE TEMBUSU,19,OCR,1000,1000
THE TREVOSE,11,CCR,1996,99
THE VERMONT ON CAIRNHILL,9,CCR,1000,1000
THE VERVE,12,RCR,1000,1000
THE VISION,5,OCR,2008,99
THE VISIONAIRE,27,OCR,2015,99
THE WHARF RESIDENCE,9,CCR,1841,999
THOMSON 800,11,CCR,1000,1000
THOMSON RIDGE ESTATE,20,RCR,1000,1000
THOMSON THREE,20,RCR,2012,99
TREE HOUSE,23,OCR,2009,99
TROPICAL SPRING,18,OCR,1997,99
TROPIKA EAST,14,OCR,1000,1000
VARSITY PARK CONDOMINIUM,5,OCR,2004,99
VENTANA,5,RCR,1000,1000
VERANDA,15,OCR,1000,1000
VIIO @ BALESTIER,12,RCR,1000,1000
VILLA AZURA,10,CCR,1000,1000
VILLA PONDER ROSA,19,OCR,1000,1000
VILLA VERDE,23,OCR,1997,99
VILLAS SIX,5,RCR,1000,1000
VISTA RESIDENCES,12,RCR,1000,1000
VOGX,8,RCR,1000,1000
WATERBANK AT DAKOTA,14,RCR,2009,99
WATERFALL GARDENS,10,CCR,1000,1000
WATERFRONT GOLD,16,OCR,2009,99
WATERFRONT ISLE,16,OCR,2009,99
WATERWOODS,19,OCR,2013,99
WATTEN HILL,11,CCR,1000,1000
WEST BAY CONDOMINIUM,5,OCR,1991,99
WINDERMERE,23,OCR,1997,99
WINDY HEIGHTS,14,OCR,1000,1000
WOODHAVEN,25,OCR,2011,99
WOODSVILLE 28,13,RCR,2007,99
YELEY BUILDING,19,OCR,1000,1000
YEW MEI GREEN,23,OCR,1997,99
# 1 SUITES,14,RCR,1000,1000
1 KING ALBERT PARK,21,RCR,1000,1000
1 MOULMEIN RISE,11,CCR,1000,1000
18 WOODSVILLE,13,RCR,1000,1000
8 FARRER SUITES,8,RCR,1000,1000
AALTO,15,RCR,1000,1000
ALEXIS,3,RCR,1000,1000
AMARYLLIS VILLE,11,CCR,1997,99
AMBER POINT,15,RCR,1000,1000
ANGULLIA PARK RESIDENCES @ ORCHARD,10,CCR,1000,1000
AQUARINE GARDENS,15,OCR,1000,1000
ARTHUR 118,15,RCR,1000,1000
ASCENT @ 456,12,RCR,1000,1000
AVILA GARDENS,17,OCR,1000,1000
AXIS @ SIGLAP,15,OCR,1000,1000
BALCON EAST,16,OCR,1000,1000
BALLOTA PARK CONDOMINIUM,17,OCR,1000,1000
BAN GUAN PARK,10,CCR,1000,1000
BEAUTY GARDEN,19,OCR,1879,999
BELGRAVIA VILLAS,28,OCR,1000,1000
BEVERLY HILL,10,CCR,1000,1000
BLISS LOFT,12,RCR,1000,1000
BLOSSOMS @ WOODLEIGH,13,RCR,1000,1000
BLUE HORIZON,5,OCR,2000,99
BRISTOL LODGE,8,RCR,1000,1000
BROOKVALE PARK,21,OCR,1885,999
BUKIT REGENCY,21,RCR,1000,1000
BURGUNDY HILL,23,OCR,1995,99
CANNAVILLE,15,RCR,1000,1000
CASA AERATA,14,RCR,1000,1000
CASA CAMBIO,19,OCR,1000,1000
CASA CONTENDERE,11,CCR,1000,1000
CASA MEYFORT,15,RCR,1000,1000
CASA PASIR RIS,17,OCR,1938,946
CASA RIVIERA,19,OCR,1000,1000
CASA ROSA,19,OCR,1998,99
CASABELLA,10,CCR,1000,1000
CENTURION 12,20,RCR,1000,1000
CENTURY WOODS,25,OCR,1996,99
CEYLON CREST,15,RCR,1000,1000
CHARLTON 27,19,OCR,1000,1000
CHELSEA VILLAGE,5,RCR,1000,1000
CHENG SOON GARDEN,21,RCR,1000,1000
CHUAN VISTA,19,OCR,1997,99
CITY EDGE,11,CCR,1000,1000
CITYSCAPE @FARRER PARK,8,RCR,1000,1000
CLYDESVIEW,3,RCR,1000,1000
DALLA VALE,26,OCR,1000,1000
DE PARADISO,12,RCR,1000,1000
EAST COAST PARK,15,OCR,1000,1000
EAST SIGNATURE,15,OCR,1000,1000
EAST VIEW 18,15,RCR,1000,1000
EASTWOOD GREEN,16,OCR,1995,99
EASTWOOD PARK,16,OCR,1995,99
EASTWOOD WALK GARDENS,16,OCR,1995,99
ECO,16,OCR,2012,99
ECOPOLITAN,19,OCR,2012,99
EDELWEISS PARK CONDOMINIUM,17,OCR,1000,1000
EDEN PARK,10,CCR,1000,1000
ENG AUN PARK,11,CCR,1000,1000
EVANIA,19,OCR,1000,1000
EVERGREEN PARK,19,OCR,1995,99
EXCELSIOR GARDENS,16,OCR,1000,1000
FABER CREST,5,OCR,1996,99
FABER HILLS,5,OCR,1000,1000
FAR HORIZON GARDENS,20,OCR,1982,99
FLAME TREE PARK,20,RCR,1000,1000
FLORIDIAN,21,RCR,1000,1000
FLORISSA PARK,26,OCR,1000,1000
FORESQUE RESIDENCES,23,OCR,2011,99
FORTUNE JADE,15,RCR,1000,1000
GEM RESIDENCES,12,RCR,2015,99
GEYLANG CONSERVATION AREA,14,RCR,1000,1000
GOLDHILL GARDENS,11,CCR,1000,1000
GRAMERCY PARK,10,CCR,1000,1000
GRANDEUR 8,20,OCR,2002,99
GRANGE INFINITE,9,CCR,1000,1000
GREEN HILL ESTATE,23,OCR,1882,999
HARBOUR VIEW TOWERS,4,RCR,1990,99
HERITAGE VIEW,5,RCR,1996,99
HERTFORD MANSION,8,RCR,1000,1000
HIGH OAK CONDOMINIUM,21,RCR,1996,99
HILLCREST VILLA,11,CCR,2006,99
HILLSTA,23,OCR,2011,99
HILLTOPS,9,CCR,1000,1000
HILLVIEW GREEN,21,OCR,1883,999
HOLLAND MEWS,10,CCR,1000,1000
ILLOURA,10,CCR,1000,1000
IRESIDENCES,12,RCR,1000,1000
ISUITES @ TANI,19,OCR,1883,999
JUBILEE RESIDENCE,5,RCR,1000,1000
KALEIDO,15,OCR,1000,1000
KATONG REGENCY,15,RCR,1000,1000
KELLOCK LODGE,10,CCR,1000,1000
KEW GREEN,16,OCR,1994,99
KIMNAN PARK,14,OCR,1000,1000
KINGSVILLE,10,CCR,1996,102
LAGUNA GREEN,16,OCR,1995,99
LAKESIDE APARTMENTS,22,OCR,1977,99
LAKEVIEW ESTATE,20,RCR,1977,99
LANDRIDGE CONDOMINIUM,5,RCR,1000,1000
LE CONNEY PARK,15,OCR,1000,1000
LEONIE SUITES,9,CCR,2002,99
LEONIE TOWERS,9,CCR,1000,1000
LEVENUE,14,OCR,1000,1000
LIV ON WILKIE,9,CCR,1000,1000
LOFT@HOLLAND,10,CCR,1000,1000
LUCIDA,11,CCR,1000,1000
LUCKY PLAZA,9,CCR,1000,1000
MARINA ONE RESIDENCES,1,CCR,2011,99
MARLENE VILLE,19,OCR,1000,1000
MARYMOUNT VIEW,20,RCR,1000,1000
MAYFAIR PARK,21,RCR,1952,99
MEDGE,11,CCR,1000,1000
MELROSE PARK,10,CCR,1877,999
MERA SPRINGS,8,RCR,1000,1000
MERAPRIME,3,RCR,2003,99
MERAWOODS,23,OCR,1885,999
MIRO,11,CCR,1000,1000
MISTRAL PARK,16,OCR,1000,1000
MOUNT SINAI,10,CCR,1885,999
MULBERRY TREE,11,CCR,1000,1000
MUTIARA VIEW,10,CCR,1000,1000
NADIA MANSIONS,12,RCR,1000,1000
NASSIM PARK RESIDENCES,10,CCR,1000,1000
NATHAN PLACE,10,CCR,1000,1000
NEEM TREE,12,RCR,1000,1000
NEWTON EDGE,9,CCR,1000,1000
NEWTON ONE,11,CCR,1000,1000
NICON GARDENS,23,OCR,1981,99
NORTHWOOD,27,OCR,1000,1000
NOTTINGHILL SUITES,21,RCR,1000,1000
NOVELIS,11,CCR,1000,1000
NV RESIDENCES,18,OCR,2008,99
OASIS GARDEN,19,RCR,1000,1000
ONE JERVOIS,10,CCR,1000,1000
ONE LEICESTER,13,RCR,1000,1000
ONE SHENTON,1,CCR,2005,99
OPTIMA @ TANAH MERAH,16,OCR,2008,99
PALM GROVE CONDOMINIUM,19,OCR,1878,999
PALM SPRING,10,CCR,1000,1000
PALMERA EAST,14,OCR,1000,1000
PANDAN VALLEY,21,RCR,1000,1000
PARC BLEU,15,OCR,1000,1000
PARC CENTROS,19,OCR,2012,99
PARC OLYMPIA,17,OCR,2012,99
PARC SOPHIA,9,CCR,1000,1000
PARK EAST,15,OCR,1000,1000
PARKSHORE,15,RCR,1000,1000
PAYA LEBAR GARDENS,19,OCR,1000,1000
PEBBLE BAY,15,RCR,1994,99
PEOPLE'S PARK COMPLEX,1,RCR,1968,99
PINE VILLAS,25,OCR,1000,1000
POLLEN & BLEU,10,CCR,2012,99
PRESTIGE HEIGHTS,12,RCR,1000,1000
PRISTINE HEIGHTS,8,RCR,1000,1000
RAYA GARDEN,19,OCR,1000,1000
REGENT RESIDENCES,12,RCR,1000,1000
REGIS MANSIONS,21,RCR,1000,1000
RESIDENTIAL APARTMENTS,15,RCR,1000,1000
REZI 3TWO,14,RCR,1000,1000
RHAPSODY ON MOUNT ELIZABETH,9,CCR,1000,1000
RIVERIA GARDENS,9,CCR,1000,1000
RIVERPARC RESIDENCE,19,OCR,2010,99
RIVERSIDE MELODIES,12,RCR,1000,1000
ROBERTSON EDGE,9,CCR,1841,999
SANCTUARY GREEN,15,RCR,1997,99
SANT RITZ,13,RCR,2012,99
SANTA TERRACES,14,OCR,1000,1000
SEA AVENUE MANSIONS,15,RCR,1000,1000
SELANTING GREEN,21,RCR,1000,1000
SEMBAWANG SPRINGS ESTATE,27,OCR,1000,1000
SENNETT ESTATE,13,RCR,1000,1000
SERENITY PARK,28,OCR,1000,1000
SHAMROCK PARK,10,CCR,1000,1000
SHAW PLAZA - TWIN HEIGHTS,12,RCR,1000,1000
SHELFORD REGENCY,11,CCR,1000,1000
SHERWOOD CONDOMINIUM,21,RCR,1000,1000
SHUNFU VILLE,20,RCR,1986,99
SILAHIS APARTMENTS,15,OCR,1000,1000
SILVERSCAPE,14,RCR,1000,1000
SIXTH AVENUE VILLE,10,CCR,1000,1000
SOO CHOW GARDEN,20,RCR,1000,1000
SPANISH VILLAGE,10,CCR,1000,1000
SPOTTISWOODE RESIDENCES,2,RCR,1000,1000
SPRINGDALE CONDOMINIUM,21,OCR,1877,999
ST FRANCIS COURT,12,RCR,1992,99
ST MICHAEL REGENCY,12,RCR,1000,1000
ST MICHAEL'S PLACE,12,RCR,1000,1000
ST NICHOLAS VIEW,20,OCR,1995,99
ST PATRICK'S RESIDENCES,15,OCR,1000,1000
STARS OF KOVAN,19,OCR,2015,99
STEVENS SUITES,10,CCR,1000,1000
STRATFORD COURT,16,OCR,1995,99
STUDIO 3,10,CCR,1000,1000
SUMMER GROVE,19,OCR,1000,1000
SUNFLOWER COURT,14,RCR,1000,1000
SUNRISE GARDENS,28,OCR,1995,99
SUNSHINE GRANDEUR,15,OCR,1000,1000
SYMPHONY HEIGHTS,21,OCR,1000,1000
TANGLIN REGENCY,10,CCR,1994,99
TANGLIN RESIDENCES,10,CCR,1000,1000
TEACHER'S HOUSING ESTATE,26,OCR,1885,999
TERESA VILLE,4,RCR,1000,1000
TERRENE AT BUKIT TIMAH,21,RCR,1885,999
TEXTILE CENTRE,7,RCR,1970,99
THE ABODE AT DEVONSHIRE,9,CCR,1000,1000
THE ASANA,10,CCR,1000,1000
THE AZURE,4,CCR,2005,99
THE BERTHSIDE,4,CCR,2004,99
THE BEVERLY,21,RCR,1000,1000
THE BLISS,8,RCR,1000,1000
THE BOTANIC ON LLOYD,9,CCR,1000,1000
THE CALLISTA,12,RCR,1882,999
THE CLAYMORE,9,CCR,1000,1000
THE CORNWALL,10,CCR,1000,1000
THE COSMOPOLITAN,9,CCR,1000,1000
THE COUNTRYSIDE,26,OCR,1000,1000
THE DAFFODIL,16,OCR,1000,1000
THE ELEMENT @ STEVENS,10,CCR,1000,1000
THE GREENWICH,28,OCR,2009,99
THE HERMITAGE,10,CCR,1000,1000
THE LAURELS,9,CCR,1000,1000
THE MARBELLA,10,CCR,1000,1000
THE MEYERISE,15,RCR,1000,1000
THE MONTAGE,15,OCR,1000,1000
THE NASSIM,10,CCR,1000,1000
THE NCLAVE,15,OCR,1000,1000
THE RAINTREE,21,OCR,2003,99
THE SENSORIA,27,OCR,1000,1000
THE SERENNIA,15,RCR,1000,1000
THE SIERRA,10,CCR,1937,947
THE SILVER FIR,15,RCR,1000,1000
THE SOVEREIGN,15,RCR,1000,1000
THE SPRINGBLOOM,19,OCR,1995,99
THE TIER,12,RCR,1000,1000
THE TRILLIUM,9,CCR,1000,1000
THE VINES,14,OCR,1000,1000
THE WINDSOR,20,RCR,1000,1000
THE WOODGROVE,25,OCR,1996,99
THREE BALMORAL,10,CCR,1000,1000
TIARA,9,CCR,1000,1000
TIERRA VUE,15,OCR,1000,1000
TOMLINSON HEIGHTS,10,CCR,1000,1000
TREASURE PLACE,5,RCR,1000,1000
TREASURES @ G20,14,RCR,1000,1000
TRESALVEO,20,RCR,1000,1000
TRUSSVILLE,19,OCR,1000,1000
TURQUOISE,4,CCR,2007,99
URBAN SUITES,9,CCR,1000,1000
VALLEY PARK,10,CCR,1877,999
VERDURE,10,CCR,1000,1000
VERSILIA ON HAIG,15,RCR,1000,1000
VERTIS,15,RCR,1000,1000
VIENTO,14,RCR,1000,1000
VILLA BEGONIA,28,OCR,1994,99
VILLAS LAGUNA,16,OCR,1000,1000
VISIONCREST,9,CCR,1000,1000
VISTA PARK,5,RCR,1979,99
VOLARI,10,CCR,1000,1000
WATERFORD RESIDENCE,9,CCR,1841,999
WATERMARK ROBERTSON QUAY,9,CCR,1000,1000
WEST COAST GARDENS,5,OCR,1928,956
WILKIE APARTMENTS,9,CCR,1000,1000
WINDSOR PARK ESTATE,20,RCR,1000,1000
WOODGROVE CONDOMINIUM,25,OCR,1997,99
YEWTEE RESIDENCES,23,OCR,2006,99
YISHUN SAPPHIRE,27,OCR,1998,99
YONG SENG ESTATE,14,OCR,1000,1000
YUEN SING MANSION,14,RCR,1000,1000
# 1 LOFT,14,RCR,1000,1000
ALLSWORTH PARK,10,CCR,1885,999
AMANINDA,11,CCR,1000,1000
APOLLO GARDENS,16,OCR,1000,1000
ARDMORE II,10,CCR,1000,1000
ASCENTIA SKY,3,RCR,2008,99
AVA TOWERS,12,RCR,1000,1000
BALMORAL CREST,10,CCR,1000,1000
BEACON HEIGHTS,12,RCR,1882,999
BEDOK PARK,16,OCR,1000,1000
BLU CORAL,15,OCR,1000,1000
BREEZE BY THE EAST,16,OCR,1000,1000
CARDIFF RESIDENCE,19,OCR,2011,99
CASA FORTUNA,12,RCR,1000,1000
CASHEW VILLAS,23,OCR,1883,999
CAVENAGH GARDENS,9,CCR,1000,1000
CAVENAGH HOUSE,9,CCR,1000,1000
CENTRO RESIDENCES,20,OCR,2007,99
CHARLTON PARK,19,OCR,1000,1000
CHUAN TERRACE,19,OCR,1000,1000
COMFORT GARDEN,23,OCR,1000,1000
CORAL PARK,20,RCR,1000,1000
CRYSTAL RHU,15,RCR,1000,1000
D'BANYAN,27,OCR,1885,999
DALVEY COURT,10,CCR,1000,1000
DAWN VILLE,15,RCR,1000,1000
DE ROYALE,12,RCR,1000,1000
DEVONSHIRE 12,9,CCR,1000,1000
DUNMAN REGENCY,15,RCR,1000,1000
EASTVALE,18,OCR,1996,99
EASTWOOD CENTRE,16,OCR,1995,99
ECHELON,3,RCR,2012,99
ELIAS TERRACE,18,OCR,1881,999
ELIZABETH HEIGHTS,9,CCR,1000,1000
EMERALD GARDEN,1,RCR,1827,999
EMERY POINT,15,RCR,1000,1000
ENG KONG PARK,21,RCR,1000,1000
ESTE VILLA,28,OCR,1000,1000
ESTRIVILLAS,10,CCR,1000,1000
FERNHILL COURT,10,CCR,1000,1000
FLYNN PARK,5,RCR,1000,1000
FRAGRANT GARDENS,19,OCR,1000,1000
GALLERY FIFTEEN,12,RCR,1000,1000
GLENTREES,10,CCR,1885,999
GOLDHILL TOWERS,11,CCR,1000,1000
GRAND DUCHESS AT ST PATRICK'S,15,OCR,1000,1000
GRANGE HEIGHTS,9,CCR,1000,1000
HAIG ELEVEN,15,RCR,1000,1000
HENRY PARK,10,CCR,1000,1000
HIGH POINT,9,CCR,1000,1000
HILBRE28,19,OCR,1876,999
HILLVIEW RESIDENCE,23,OCR,1885,999
HOLLAND PEAK,10,CCR,1000,1000
HONG HENG MANSIONS,26,OCR,1000,1000
HORIZON RESIDENCES,5,RCR,1000,1000
HUA XIN COURT,15,OCR,1000,1000
IMPERIAL HEIGHTS,15,RCR,1000,1000
ISUITES @ PALM,19,OCR,1878,999
JADE MANSION,10,CCR,1000,1000
JADE RESIDENCES,19,OCR,1000,1000
KALLANG RIVERSIDE,12,RCR,1000,1000
KATONG GARDENS,15,RCR,1000,1000
KEMAMAN POINT,12,RCR,1000,1000
KENG LEE COURT,8,RCR,1000,1000
KENTVIEW PARK,5,RCR,1000,1000
KISMIS COURT,21,RCR,1981,99
LAKESIDE TOWER,22,OCR,1975,99
LAUREL TREE,23,OCR,1000,1000
LE LOYANG,17,OCR,1885,999
LE M RESIDENCE,15,OCR,1000,1000
LE NOUVEL ARDMORE,10,CCR,1000,1000
LEICESTER SUITES,13,RCR,1000,1000
LOFT @ NATHAN,10,CCR,1000,1000
LUCKY HILL,16,OCR,1878,999
LUMIERE,2,CCR,2006,99
LUTHERAN TOWERS,10,CCR,1974,103
MACKENZIE REGENCY,9,CCR,1000,1000
MALVERN SPRINGS,15,RCR,1000,1000
MANDALAY MANSION,11,CCR,1000,1000
MANDALE HEIGHTS,11,CCR,1000,1000
MARTIN NO 38,9,CCR,1000,1000
MEDALLION,13,OCR,1000,1000
MEIER SUITES,15,RCR,1000,1000
MEYER RESIDENCE,15,RCR,1000,1000
MOONSTONE VIEW,12,RCR,1000,1000
MOUNTBATTEN LODGE,15,RCR,1000,1000
MURANO,5,RCR,1000,1000
NATURE MANSIONS,15,OCR,1000,1000
NINETEEN SHELFORD ROAD,11,CCR,1000,1000
NOVENA SUITES,11,CCR,1000,1000
OASIS @ ELIAS,18,OCR,2008,99
OASIS @ MULBERRY,13,RCR,1000,1000
OCEAN 8,4,CCR,2005,99
OEI TIONG HAM PARK,10,CCR,1000,1000
OKIO,12,RCR,1000,1000
OLEANAS RESIDENCE,9,CCR,1000,1000
OLINA LODGE,10,CCR,1000,1000
ONE DUCHESS,10,CCR,1875,999
ONE SURIN,19,OCR,1000,1000
ORCHARD SCOTTS,9,CCR,2001,99
OXFORD SUITES,8,RCR,1000,1000
PACIFIC MANSION,9,CCR,1000,1000
PALAZZETTO,15,RCR,1000,1000
PALM LOFT,15,RCR,1000,1000
PATERSON RESIDENCE,9,CCR,1000,1000
PATERSON SUITES,9,CCR,1000,1000
QUEENSWAY TOWER,3,RCR,1000,1000
R MAISON,13,OCR,1000,1000
REGENT VILLAS,10,CCR,1991,99
RESIDENCES AT 338A,9,CCR,1000,1000
RITZ @ FARRER,8,RCR,1000,1000
RIVER ISLES,19,OCR,2012,99
RIVERWALK APARTMENTS,1,RCR,1980,99
RIZ HAVEN,17,OCR,1938,946
ROSE MAISON,15,RCR,1000,1000
ROSEVALE,11,CCR,1000,1000
SANCTUARY @ 813,19,OCR,1000,1000
SHELFORD SUITES,11,CCR,1000,1000
SHERWOOD TOWER,21,RCR,1976,99
SIMS EDGE,14,RCR,1000,1000
ST THOMAS VILLE,9,CCR,1000,1000
SUMMER GARDENS,16,OCR,1995,99
SUNHAVEN,16,OCR,1000,1000
SUNNYVALE RESIDENCES,15,OCR,1000,1000
SUNSHINE GROVE,19,OCR,1000,1000
SYCAMORE TREE,15,RCR,1000,1000
TANGLIN HILL CONDOMINIUM,10,CCR,1000,1000
THE ALCOVE,14,RCR,2000,99
THE AMBRA,15,OCR,1000,1000
THE ANSLEY,11,CCR,1000,1000
THE ARRIS,2,RCR,1000,1000
THE BALE,15,OCR,1000,1000
THE BALMORAL,10,CCR,1000,1000
THE BENCOOLEN,7,RCR,1995,99
THE CAPE,15,RCR,1000,1000
THE COTZ,15,OCR,1000,1000
THE DRAYCOTT,10,CCR,1000,1000
THE GLYNDEBOURNE,11,CCR,1000,1000
THE IMPERIAL,9,CCR,1000,1000
THE INSPIRA,9,CCR,1000,1000
THE JADE,23,OCR,2001,99
THE LEVELZ,10,CCR,1000,1000
THE LINE @ TANJONG RHU,15,RCR,1000,1000
THE OLD HOUSE,19,OCR,1000,1000
THE PLAZA,7,CCR,1968,99
THE SERENADE @ HOLLAND,10,CCR,2001,99
THE SHAUGHNESSY,27,OCR,2001,99
THE TREELINE,15,OCR,1000,1000
THE TROPIC GARDENS,16,OCR,1000,1000
THE URBANITE,8,RCR,1000,1000
THE VESTA,15,OCR,1000,1000
THE WATERINA,14,RCR,1000,1000
THE WHITLEY RESIDENCES,11,CCR,1000,1000
THE YARDLEY,19,OCR,1000,1000
THOMSON VIEW CONDOMINIUM,20,RCR,1975,99
TIVOLI GRANDE,15,RCR,1000,1000
TOH ESTATE,17,OCR,1000,1000
UE SQUARE,9,CCR,1953,929
URBAN EDGE @ HOLLAND V,10,CCR,1000,1000
V ON SHENTON,1,CCR,2011,99
VENEZIO,16,OCR,1000,1000
VERSAILLES,15,RCR,1000,1000
VICTORY HEIGHTS,12,RCR,1000,1000
VILLAS AT KEW,16,OCR,1994,99
VIVA VISTA,5,RCR,1000,1000
WATTEN ESTATE CONDOMINIUM,11,CCR,1000,1000
ADRIA,11,CCR,1000,1000
AMBER SKYE,15,RCR,1000,1000
ASTON RESIDENCE,17,OCR,1938,946
ASTOR GREEN,21,RCR,1991,99
BANYAN PARK,5,RCR,1000,1000
BLISS@KOVAN,19,OCR,1000,1000
BOON TECK TOWER,12,RCR,1000,1000
BUTTERWORTH 33,15,RCR,1000,1000
CANARY VILLE,15,OCR,1000,1000
CARLISLE COURT,8,RCR,1000,1000
CASA CAIRNHILL,9,CCR,1000,1000
CAVAN SUITES,8,RCR,1000,1000
CELESTIA,15,RCR,1000,1000
CHARLTON GARDEN,19,OCR,1000,1000
CHESTNUT RESIDENCES,23,OCR,1882,999
CHIP THYE GARDEN,20,OCR,1000,1000
CHUAN VILLAS,19,OCR,1996,99
CONCOURSE SKYLINE,7,RCR,2008,99
CONDOMINIUM DEVELOPMENT,10,RCR,1000,1000
COSTA ESTE,15,OCR,1000,1000
CROWN CENTRE,10,CCR,1000,1000
D' KENARIS,28,OCR,1879,999
D'PAVILION,19,OCR,1000,1000
D'SUNRISE,15,RCR,1000,1000
DAHLIA PARK CONDOMINIUM,17,OCR,1000,1000
DE LENTE,10,CCR,1000,1000
DUET,10,CCR,1000,1000
DUNEARN ESTATE,11,CCR,1000,1000
DUO RESIDENCES,7,CCR,2011,99
E-SPACE,15,OCR,1000,1000
EAST COAST HILL,16,OCR,1000,1000
EASTSIDE LOFT,15,RCR,1000,1000
EMERALD PARK,3,RCR,1991,99
EON SHENTON,2,CCR,2011,99
ESPA,23,OCR,1882,999
EVERITT EDGE,15,RCR,1000,1000
FAMILIE MANSIONS,14,RCR,1000,1000
FLORA EAST,15,RCR,1000,1000
FLORIDA PARK,28,OCR,1000,1000
FORTUNE PARK,19,OCR,1000,1000
FREESIA WOODS,21,OCR,1000,1000
FRUITION,15,RCR,1000,1000
GALLERY 8,15,RCR,1000,1000
GOLDEN HEIGHTS,19,OCR,1000,1000
GOODWOOD GRAND,10,CCR,1000,1000
GRAND CHATEAU,21,RCR,1000,1000
GRANDVIEW SUITES,14,RCR,1000,1000
GROSVENOR VIEW,14,OCR,1000,1000
HIJAUAN,9,CCR,1000,1000
JANSEN SPRING,19,OCR,1878,999
JAYA TOWER,10,CCR,1000,1000
JERVOIS LODGE,10,CCR,1000,1000
JOOL SUITES,8,RCR,1000,1000
JUPITER 18,15,RCR,1000,1000
KATONG VILLE,15,RCR,1000,1000
KELULUT HILL,28,OCR,1879,999
KENTISH LODGE,8,RCR,1995,99
KILAT CENTRE,21,RCR,1000,1000
KING'S ARCADE,10,CCR,1000,1000
KOVAN APARTMENTS,19,OCR,1000,1000
LA CRYSTAL,9,CCR,1000,1000
LAKE GRANDE,22,OCR,2015,99
LAKESIDE GROVE,22,OCR,1996,99
LANDBAY CONDOMINIUM,16,OCR,1000,1000
LE SOMME,8,RCR,1000,1000
LIMAU VILLAS,16,OCR,1996,99
LION TOWERS,11,CCR,1000,1000
MACKENZIE 88,9,CCR,1000,1000
MARINA BAY SUITES,1,CCR,2007,99
MARTINA MANSIONS,10,CCR,1000,1000
MIMOSA TERRACE,28,OCR,1000,1000
MODA,15,RCR,1000,1000
MORO MANSIONS,14,RCR,1000,1000
MOUNT SOPHIA SUITES,9,CCR,1000,1000
NATHAN SUITES,10,CCR,1000,1000
NESS,14,RCR,1000,1000
NEWTON 18,11,CCR,1000,1000
NEWTON 21,11,CCR,1000,1000
NEWTON SUITES,11,CCR,1000,1000
NIM GARDENS,28,OCR,1000,1000
NORTHWAVE,25,OCR,2015,99
NOVENA HILL,11,CCR,1000,1000
OCEAN FRONT SUITES,17,OCR,1937,946
ONE TREE HILL MANSIONS,10,CCR,1973,99
ORCHARD BEL AIR,10,CCR,1980,99
PARK RESIDENCES KOVAN,19,OCR,1000,1000
PAVILION 11,11,CCR,1000,1000
PAVILION PARK,23,OCR,1000,1000
PEOPLE'S PARK CENTRE,1,RCR,1970,99
PHOENIX HEIGHTS,23,OCR,1000,1000
POETS VILLAS,26,OCR,2010,99
PONGGOL PARK,19,OCR,1000,1000
PRIMEDGE,14,RCR,1000,1000
Q BAY RESIDENCES,18,OCR,2012,99
RESIDENCES @ JANSEN,19,OCR,1876,999
RICHMOND PARK,9,CCR,1000,1000
RIDGE COURT,13,RCR,1000,1000
RIVEREDGE,15,RCR,2004,99
ROBERTSON 100,9,CCR,1000,1000
SEMBAWANG GARDENS ARCADE,27,OCR,1000,1000
SIEW LIM PARK,16,OCR,1000,1000
SIMS GREEN,14,RCR,2001,99
SMART SUITES,14,RCR,1000,1000
SPRING @ KATONG,15,RCR,1000,1000
SPRINGWOOD,5,RCR,1000,1000
ST PATRICK'S GREEN,15,OCR,1000,1000
ST THOMAS SUITES,9,CCR,1000,1000
STRAITS MANSIONS,15,RCR,1000,1000
SUITES @ GUILLEMARD,15,RCR,1000,1000
SUITES @ KOVAN,19,OCR,1000,1000
SUITES DE LAUREL,21,RCR,1885,999
SUITES@ KATONG,15,RCR,1000,1000
SUNFLOWER RESIDENCE,14,RCR,1000,1000
SUNNY PALMS,15,OCR,1000,1000
SUNRISE VILLA,28,OCR,1000,1000
SUNSHINE LODGE,19,OCR,1000,1000
SWISS CLUB PARK,11,CCR,1000,1000
TANGERINE GROVE,19,OCR,1000,1000
TERRA VILLAS,14,OCR,1000,1000
THE ABERDEEN,12,RCR,1000,1000
THE AMARELLE,15,RCR,1000,1000
THE CARPMAELINA,15,RCR,1000,1000
THE CHANCERY RESIDENCE,11,CCR,2004,99
THE GARDENS AT GERALD,28,OCR,1879,999
THE HILLIER,23,OCR,2011,99
THE INGLEWOOD,20,RCR,1000,1000
THE LAKEFRONT RESIDENCES,22,OCR,2010,99
THE LIGHT @ CAIRNHILL,9,CCR,1000,1000
THE LINCOLN MODERN,11,CCR,1000,1000
THE LUCENT,15,OCR,1000,1000
THE MEDLEY,15,OCR,1000,1000
THE MORNINGTON,12,RCR,1000,1000
THE PROMENADE@PELIKAT,19,OCR,1000,1000
THE SPINNAKER,11,CCR,1000,1000
THE STELLAR,5,OCR,1000,1000
THE SUITES AT CENTRAL,9,CCR,1000,1000
THE TENNERY,23,OCR,2010,99
THE TOPIARY,28,OCR,2012,99
THE TRIZON,10,CCR,1000,1000
THOMSON GRAND,20,RCR,2010,99
THOMSON GROVE,26,OCR,1000,1000
TOH TUCK LODGE,21,RCR,1000,1000
TREASURE CREST,19,OCR,2015,99
TREASURES@G19,14,RCR,1000,1000
TRILIGHT,11,CCR,1000,1000
TWENTYONE ANGULLIA PARK,9,CCR,1000,1000
UNITED MANSION,15,OCR,1000,1000
URBANA,9,CCR,1000,1000
VENTURA HEIGHTS,10,CCR,1000,1000
VICTORIA PARK VILLAS,10,CCR,2013,99
VILLA DELLE ROSE,10,CCR,1000,1000
VILLE ROYALE,9,CCR,1000,1000
WILKINSON 8,15,RCR,1000,1000
WING FONG COURT,14,RCR,1000,1000
WING ON LIFE GARDEN,10,CCR,1000,1000
YEW LIAN PARK,20,RCR,1000,1000
YONG SIAK VIEW,3,RCR,1000,1000
ALBA,9,CCR,1000,1000
ARTHUR MANSIONS,15,RCR,1000,1000
AURALIS,15,OCR,1000,1000
BEAU VISTA,14,OCR,1000,1000
BEDOK GROVE,16,OCR,1000,1000
BEDOK RIA,16,OCR,1000,1000
BLUWATERS 2,17,OCR,1938,946
BOTANIC GARDENS MANSION,10,CCR,1000,1000
BRADDELL HEIGHTS ESTATE,13,OCR,1000,1000
BRIGHTON CREST,19,OCR,1000,1000
BRIZAY PARK,10,CCR,1000,1000
CARLYX GREEN,8,RCR,1000,1000
CARLYX RESIDENCE,8,RCR,1000,1000
CATHAY GARDEN,15,OCR,1000,1000
CHERRYHILL,19,OCR,1000,1000
CHOON KIM HOUSE,19,OCR,1000,1000
CITYVISTA RESIDENCES,9,CCR,1000,1000
CLEMENTI GARDENS,21,RCR,1000,1000
CLIFTEN,10,CCR,1000,1000
CLOVER PARK,20,RCR,1000,1000
CORONATION VILLAGE,10,CCR,1875,999
CRYSTAL LODGE,14,RCR,1000,1000
CUBIK,15,OCR,1000,1000
D' CASTILIA,15,RCR,1000,1000
D' HILLSIDE LOFT,5,RCR,1000,1000
D'ECOSIA,15,OCR,1000,1000
DERBY COURT,11,CCR,1000,1000
DOMAIN 21,3,RCR,2004,99
EASTERN LAGOON,15,OCR,1000,1000
EIS RESIDENCES,15,RCR,1000,1000
ELLIOT AT THE EAST COAST,15,OCR,1000,1000
EMERALD HILL CONSERVATION AREA,9,CCR,1000,1000
ESCADA VIEW,14,OCR,1000,1000
ESPADA,9,CCR,1000,1000
EVELYN MANSIONS,11,CCR,1000,1000
FONTAINE PARRY,19,OCR,1883,999
FUDU PARK,26,OCR,1000,1000
GAIA,12,RCR,1000,1000
GEMINI APARTMENTS,15,OCR,1000,1000
GOLD LEAF MANSIONS,15,OCR,1000,1000
GOLDEN RISE ESTATE,21,RCR,1000,1000
H RESIDENCES,15,OCR,1000,1000
HARBOUR VIEW GARDENS,5,RCR,1000,1000
HIGHLAND COTTAGES,19,OCR,1000,1000
HILLCREST PARK,11,CCR,1000,1000
HILLVIEW 128,23,OCR,1885,999
HOLLAND RESIDENCES,10,CCR,1000,1000
HONG HENG TERRACE,26,OCR,1000,1000
IRIDIUM,11,CCR,1000,1000
JEWEL OF BALMORAL,10,CCR,1000,1000
JIA,9,CCR,1000,1000
JIN DING GARDEN,16,OCR,1000,1000
JULUCA,5,RCR,1000,1000
KENTISH GREEN,8,RCR,1995,99
KEW GATE,16,OCR,1994,99
LE REVE,14,OCR,1000,1000
LEONIE PARC VIEW,9,CCR,1000,1000
LIVINGSTON MANSIONS,15,OCR,1000,1000
MANDARIN PARK,21,RCR,1000,1000
MENDON SPRING,5,RCR,1000,1000
MERLOT VILLE,15,OCR,1000,1000
METRO LOFT,14,RCR,1000,1000
MING TECK PARK,10,CCR,1876,999
MUTIARA CREST,10,CCR,1000,1000
MY MANHATTAN,18,OCR,2010,99
ONE FORT,15,RCR,1000,1000
ONZE @ TANJONG PAGAR,2,RCR,1000,1000
PALM GALLERIA,15,OCR,1000,1000
PALM OASIS,15,OCR,1000,1000
PARBURY HILL CONDOMINIUM,16,OCR,1000,1000
PARC SOMME,8,RCR,2008,99
PARRY PARK,19,OCR,1877,999
PARRYVILLE,19,OCR,1883,999
PASIR PANJANG GARDENS,5,OCR,1000,1000
PASIR RIS BEACH PARK,18,OCR,1874,999
PEIRCE VILLAS,10,CCR,1000,1000
PINEHURST CONDOMINIUM,15,OCR,1000,1000
PRIVE,19,OCR,2010,99
QUBE SUITES,14,OCR,1000,1000
RAFFLES PARK,11,CCR,1000,1000
REZI 26,14,RCR,1000,1000
RICCHEZZA,15,OCR,1000,1000
RITZ REGENCY,15,RCR,1000,1000
ROCHELLE AT NEWTON,11,CCR,2008,99
ROYCE RESIDENCES,14,RCR,1000,1000
RV SUITES,10,CCR,1000,1000
SANTA FE MANSIONS,15,RCR,1000,1000
SAVOY PARK,21,RCR,1000,1000
SEAHILL,5,OCR,2011,99
SEMBAWANG STRAITS ESTATE,27,OCR,1000,1000
SERENE PARK,28,OCR,1000,1000
SHANGRI-LA PARK,20,OCR,1000,1000
SHEARES VILLE,10,CCR,1000,1000
SIN CHUAN GARDEN,14,OCR,1000,1000
SOUTHBANK,7,RCR,2006,99
SPOTTISWOODE 18,2,RCR,1000,1000
SPOTTISWOODE SUITES,2,RCR,1000,1000
SPRINGLEAF GARDEN,26,OCR,1000,1000
STRATTON GREEN,28,OCR,1000,1000
SUITES @ SHREWSBURY,11,CCR,1000,1000
SUITES AT BUKIT TIMAH,21,RCR,1000,1000
SUNSHINE PLAZA,7,RCR,1997,99
SUNSHINE REGENCY,15,RCR,1000,1000
SUNSHINE RESIDENCE,15,OCR,1000,1000
THE AMBIENCE,19,OCR,1874,999
THE AMBROSIA,15,OCR,1000,1000
THE ASTON,10,CCR,1000,1000
THE CAPRI,10,CCR,1000,1000
THE CRISTALLO,15,OCR,1000,1000
THE FORESTA @ MOUNT FABER,4,RCR,1000,1000
THE GRANDHILL,5,RCR,1000,1000
THE INFLORA,17,OCR,2012,99
THE METZ,9,CCR,1000,1000
THE PATERSON EDGE,9,CCR,1000,1000
THE ROCHESTER RESIDENCES,5,RCR,2005,99
THOMSON V ONE,20,RCR,2001,99
THOMSON V TWO,20,RCR,1000,1000
VENTURA VIEW,15,RCR,1000,1000
VIBES @ EAST COAST,15,OCR,1000,1000
WATERLOO VIEW,7,RCR,1000,1000
WATTEN ESTATE,11,CCR,1000,1000
WEMBLY RESIDENCES,19,OCR,1000,1000
WESTCOVE CONDOMINIUM,5,OCR,1995,99
WILKIE COURT,9,CCR,1000,1000
WILKIE STUDIO,9,CCR,1000,1000
WOOLLERTON PARK,10,CCR,1000,1000
283 STUDIO,9,CCR,1841,999
368 THOMSON,11,CCR,1000,1000
76 SHENTON,2,CCR,2007,99
8 RODYK,9,CCR,1000,1000
ADAM PLACE,11,CCR,1000,1000
ADELPHI PARK ESTATE,20,RCR,1000,1000
AIRSTREAM,12,RCR,1000,1000
ALESSANDREA,3,RCR,1000,1000
AMBER PARK (DEMOLISHED),15,RCR,1000,1000
APLETON VIEW,11,CCR,1000,1000
BANYAN CONDOMINIUM,5,RCR,1000,1000
BAYVILLE CONDOMINIUM,5,RCR,1000,1000
BELLERIVE,10,CCR,1000,1000
BOTANIC GARDENS VIEW,10,CCR,1000,1000
BOUNDARY GARDENS,19,OCR,1000,1000
CABANA,28,OCR,2009,103
CAIFU VIEW,19,OCR,1000,1000
CASA ESPANIA,19,OCR,1000,1000
CHAPEL LODGE,15,RCR,1000,1000
CHATEAU LE FAME,10,CCR,1000,1000
CHELSEA GARDENS,10,CCR,1000,1000
CHUAN GREEN,19,OCR,1997,99
CITY REGENCY,12,RCR,1000,1000
CLYDESWOOD,13,OCR,1000,1000
CRESCENDO PARK,15,OCR,1000,1000
D' DALVEY,10,CCR,1000,1000
D'CHATEAU @ SHELFORD,11,CCR,1000,1000
ENG HOON MANSIONS,3,RCR,1000,1000
FANTA GARDEN,28,OCR,1000,1000
FORT GARDENS,15,RCR,1000,1000
FUYONG ESTATE,23,OCR,1947,99
GENTLE VILLAS,11,CCR,1993,99
GILSTEAD TWO,11,CCR,1000,1000
GRANDLINK SQUARE,14,RCR,1000,1000
HARVEST MANSIONS,3,RCR,1993,99
HEETON CLASSIC,26,OCR,1000,1000
HILLS APARTMENT,11,CCR,1000,1000
HILLVIEW APARTMENTS,23,OCR,1000,1000
HONG HENG GARDEN,26,OCR,1000,1000
ISLAND VIEW,5,RCR,1000,1000
JANSEN 8,19,OCR,1000,1000
KIM SIA COURT,9,CCR,1000,1000
KINGSGROVE,20,OCR,1000,1000
L'VIV,11,CCR,1000,1000
LADYHILL PARK,10,CCR,1000,1000
LEEDON 2,10,CCR,1000,1000
LENTOR VILLAS,26,OCR,1000,1000
LIGHTHOUSE,17,OCR,1993,99
LIRIA TERRACE,17,OCR,1000,1000
LUSH ON HOLLAND HILL,10,CCR,1000,1000
M21,11,CCR,1000,1000
MEADOWLODGE,21,RCR,1997,99
MERALODGE,23,OCR,1000,1000
MIRAGE TOWER,9,CCR,1000,1000
MOUNT SINAI RESIDENCES,10,CCR,1885,999
MUGLISTON HILL,28,OCR,1886,999
NANYANG PARK,19,OCR,1881,999
NOVA 48,12,RCR,1000,1000
NOVENA LODGE,11,CCR,1000,1000
OLA RESIDENCES,15,RCR,1000,1000
ONE DUSUN RESIDENCES,12,RCR,1000,1000
ONE K GREENLANE,15,RCR,1000,1000
ONE LYNWOOD,13,OCR,1000,1000
PARKVIEW ECLAT,10,CCR,1000,1000
PASIR PANJANG LODGE,5,RCR,1000,1000
PRESIDENT GARDENS,26,OCR,1000,1000
REGENCY LODGE,10,CCR,1000,1000
RESIDENCE 118,15,OCR,1000,1000
RESIDENCES 88,14,OCR,1000,1000
SIMS RESIDENCES,14,RCR,1997,99
SIN MING PLAZA,20,RCR,1000,1000
SUITES 28,14,RCR,1000,1000
SUITES @ TOPAZ,12,RCR,1000,1000
SUITES TWENTY-TWO,15,OCR,1000,1000
SUITES@CHANGI,14,RCR,1000,1000
SUNBIRD PARK,16,OCR,1000,1000
TAN TONG MENG TOWER,11,CCR,1000,1000
THE BELLEFORTE,12,RCR,1000,1000
THE BELMONT,10,CCR,1000,1000
THE GREENWOOD,11,CCR,1000,1000
THE LINC,11,CCR,1000,1000
THE PIER AT ROBERTSON,9,CCR,1000,1000
THE SILVERTON,15,RCR,1000,1000
THE TOMLINSON,10,CCR,1000,1000
THE WATERLINE,19,OCR,1000,1000
TRE RESIDENCES,14,RCR,2014,99
TRELLIS TOWERS,12,RCR,1000,1000
TREVOSE PARK,11,CCR,1000,1000
UNIT 8,10,CCR,1000,1000
VISTA GARDEN,21,RCR,1000,1000
WATTEN RESIDENCES,11,CCR,1000,1000
WHITESCAPE,15,OCR,1000,1000
YONG AN PARK,9,CCR,1000,1000
ALPHA APARTMENTS,15,RCR,1000,1000
AMBER RESIDENCES,15,RCR,1000,1000
ASTON MANSIONS,14,RCR,1995,99
ASTOR,14,OCR,2002,99
BAYWATER,16,OCR,2001,99
BLISS RESIDENCES,14,OCR,1000,1000
BUTTERWORTH VIEW,15,RCR,1000,1000
CAMELOT BY-THE-WATER,15,RCR,1996,99
CASA NOVACREST,9,CCR,1000,1000
CHANGI HEIGHTS,17,OCR,1000,1000
CLIVEDEN AT GRANGE,10,CCR,1000,1000
CLYDES RESIDENCE,8,RCR,1000,1000
COUNTRY PARK CONDOMINIUM,16,OCR,1000,1000
D' FRESCO,15,RCR,1000,1000
DRAYCOTT EIGHT,10,CCR,1997,99
ECOVILLE,12,RCR,1000,1000
EUNOS MANSION,14,OCR,1000,1000
EURO-ASIA APARTMENTS,12,RCR,1000,1000
EURO-ASIA LODGE,15,RCR,1000,1000
FONTANA HEIGHTS,10,CCR,1000,1000
FOREST WOODS,19,OCR,2016,99
GRANGE RESIDENCES,10,CCR,1000,1000
GREENRIDGE,21,RCR,1000,1000
HORIZON GREEN,20,OCR,1995,99
ILLUMINAIRE ON DEVONSHIRE,9,CCR,1000,1000
KATONG PARK TOWERS,15,RCR,1982,99
KIM KEAT HOUSE,12,RCR,1000,1000
KOVAN REGENCY,19,OCR,2012,99
LENTOR VIEW,26,OCR,1000,1000
M66,12,RCR,1000,1000
MILLAGE,14,RCR,1000,1000
MORIMASA GARDENS,11,CCR,1000,1000
NAMLY COURT,10,CCR,1000,1000
NORMANTON PARK (DEMOLISHED),5,RCR,1977,102
ONE ST MICHAEL'S,12,RCR,1000,1000
ORCHARD TOWERS,9,CCR,1000,1000
ORION,10,CCR,1000,1000
PALM LODGE,14,RCR,1000,1000
PARC SEABREEZE,15,RCR,1000,1000
PASADENA,11,CCR,1000,1000
PINNACLE 16,12,RCR,1000,1000
POH HUAT GARDENS,19,OCR,1883,999
PRIMO RESIDENCES,19,OCR,1000,1000
PRINCETON VALE,19,OCR,1996,99
QUINTERRA,10,CCR,2006,99
REGAL COURT,12,RCR,1000,1000
RESIDENCES @ SOMME,8,RCR,1000,1000
RIVER VALLEY APARTMENTS,10,CCR,1000,1000
SANDALWOOD,15,RCR,1000,1000
SEA AVENUE RESIDENCES,15,RCR,1000,1000
SEASCAPE,4,CCR,2007,99
SEASIDE PARK,15,OCR,1000,1000
SERAYA BREEZE,15,RCR,1000,1000
SIGLAP PARK,15,OCR,1000,1000
SIGNATURE AT LEWIS,10,CCR,1000,1000
SILVER HILL,19,OCR,1936,945
SOPHIA 98,9,CCR,1000,1000
SOPHIA LODGE,9,CCR,1000,1000
SOUTHAVEN I,21,OCR,1994,99
SPOTTISWOODE PARK,2,RCR,1973,99
SUFFOLK PREMIER,11,CCR,1000,1000
SUITES 123,8,RCR,1000,1000
SUITES @ NEWTON,11,CCR,1000,1000
TAIPAN REGENCY,15,RCR,1000,1000
THE ALPS RESIDENCES,18,OCR,2015,99
THE CHUAN,19,OCR,1877,999
THE LADYHILL,10,CCR,1000,1000
THE LENOX,14,OCR,1000,1000
THE PEAK @ CAIRNHILL I,9,CCR,1000,1000
THE VIRIDIAN,12,RCR,1000,1000
THE WOODS,22,OCR,2010,99
TREASURE GARDENS,19,OCR,1000,1000
VA RESIDENCES,12,RCR,1000,1000
VIBES @ KOVAN,19,OCR,1000,1000
VIVACE,9,CCR,1841,999
VIZ AT HOLLAND,10,CCR,1000,1000
WELLINGTON PARK,20,OCR,1000,1000
WEST SHORE RESIDENCES,5,RCR,1000,1000
8 EDEN GROVE,19,OCR,1000,1000
ATELIER VILLAS,26,OCR,1000,1000
BINJAI CREST,21,RCR,1996,99
BISHOPSGATE RESIDENCES,10,CCR,1000,1000
BOTANIC @ CLUNY PARK,10,CCR,1000,1000
CASA JERVOIS,10,CCR,1000,1000
CASHEW PARK CONDOMINIUM,23,OCR,1882,999
CENTRA SUITES,14,RCR,1000,1000
CENTRAL MEADOWS,14,RCR,1000,1000
CHARLTON 18,19,OCR,1000,1000
CHWEE CHIAN VIEW,5,RCR,1000,1000
CITY TOWERS,10,CCR,1000,1000
COASTAL VIEW RESIDENCES,17,OCR,1885,999
CUSCADEN MANSIONS,10,CCR,1000,1000
EAST TREASURE,15,OCR,1000,1000
EAST VIEW GARDEN,16,OCR,1000,1000
FABER GARDEN,20,RCR,1000,1000
GALLOP GABLES,10,CCR,1000,1000
GERALD GARDENS,28,OCR,1879,999
GISBORNE LIGHT,10,CCR,1000,1000
GOODVIEW APARTMENTS,14,RCR,1000,1000
HAIG APARTMENTS,15,RCR,1000,1000
HALLMARK RESIDENCES,10,CCR,1000,1000
ISUITES @ MARSHALL,15,RCR,1000,1000
KIM LIN PARK,10,CCR,1000,1000
KING'S GARDEN,10,CCR,1875,999
KINGSTON TERRACE,14,OCR,1000,1000
LA SUISSE,11,CCR,1878,999
LE CRESCENDO,14,RCR,1000,1000
LEONIE GARDENS,9,CCR,1990,99
LOFT @ RANGOON,8,RCR,1000,1000
MARINA COLLECTION,4,CCR,2007,99
ONAN SUITES,15,RCR,1000,1000
ONE BALMORAL,10,CCR,1000,1000
PALM HAVEN,19,OCR,1876,999
PALM TREE NINES,16,OCR,1000,1000
PARC MONDRIAN,13,RCR,1000,1000
PARC RIVIERA,5,OCR,2015,99
PARK VIEW MANSION,22,OCR,1976,99
PARRY COURT,19,OCR,1886,999
PARRY GREEN,19,OCR,1996,99
QUEENS PEAK,3,RCR,2015,99
RAJAH TOWERS,12,RCR,1000,1000
SARACA VILLAS,28,OCR,1997,99
SOPHIA RESIDENCE,9,CCR,1000,1000
SOVEREIGN @ SIMON,19,OCR,1884,999
SUITES @ OWEN,8,RCR,1000,1000
SUITES @ SIMS,14,RCR,1000,1000
SUITES @ SURREY,11,CCR,1000,1000
SUNGROVE,5,OCR,1994,99
SUNSHINE MANSIONS,15,OCR,1000,1000
TELOK BLANGAH HOUSE,4,RCR,1000,1000
TEMBELINA,15,RCR,1000,1000
TEMBELING GROVE,15,RCR,1000,1000
THE BAYCOURT,16,OCR,1000,1000
THE GLENCAIRD RESIDENCES,10,CCR,1000,1000
THE SOUND,15,OCR,1000,1000
THE TRESOR,10,CCR,1875,999
THE VERTE,15,OCR,1000,1000
TUDOR VIEW,11,CCR,1000,1000
TULIP GARDEN,10,CCR,1000,1000
VIDA,9,CCR,1000,1000
WATERCREST,17,OCR,1885,999
WHITEHAVEN,5,RCR,1000,1000
WOODGROVE ESTATE,25,OCR,1993,99
38 JERVOIS,10,CCR,1000,1000
ALANA,28,OCR,2013,103
ASTON GREEN,19,OCR,1000,1000
BAGNALL COURT,16,OCR,1000,1000
BALESTIER PLAZA,12,RCR,1000,1000
BARTLEY VILLAS,19,OCR,1993,99
BEDOKVILLE,16,OCR,1878,999
BELLEZZA @ KATONG,15,RCR,1000,1000
BLOSSOM RESIDENCES,23,OCR,2011,99
BLUWATERS,17,OCR,1938,946
BOULEVARD VUE,10,CCR,1000,1000
BUCKLEY 18,11,CCR,1000,1000
CEYLON RESIDENCE,15,RCR,1000,1000
EASTWOOD VILLE,16,OCR,1995,99
ENVIO,15,OCR,1000,1000
EUNOS GREEN,14,OCR,1000,1000
GILSTEAD COURT,11,CCR,1000,1000
GOODMAN CREST,15,RCR,1000,1000
HAIG 162,15,RCR,1000,1000
HARBOURLIGHTS,4,RCR,1000,1000
HOLLANDIA,10,CCR,1000,1000
HUA GUAN GARDENS,21,RCR,1883,999
JERVOIS REGENCY,10,CCR,1000,1000
KNOX VIEW,15,OCR,1000,1000
KOVAN CREST,19,OCR,1000,1000
LANGE 28,19,OCR,1878,999
LITTLE INDIA CONSERVATION AREA,8,RCR,1000,1000
LOYANG TOWNHOUSES,17,OCR,1938,946
MANSIONS 28,14,RCR,1000,1000
MONTCLAIR @ WHITLEY,11,CCR,1000,1000
NATHAN RESIDENCES,10,CCR,1000,1000
ONE @ PULASAN,15,RCR,1000,1000
PALMWOODS,16,OCR,1996,99
PERPETUAL APARTMENTS,14,RCR,1967,999
PIN MANSIONS,19,OCR,1000,1000
POSHGROVE EAST,15,OCR,1000,1000
PRESTO@UPPER SERANGOON,19,OCR,1000,1000
RESIDENCES @ KILLINEY,9,CCR,1000,1000
SARACA GARDENS,28,OCR,1000,1000
SEAVIEW PARK,15,RCR,1000,1000
SIMS MEADOWS,14,RCR,1000,1000
SPRING @ LANGSAT,15,RCR,1000,1000
SUITES@BRADDELL,13,OCR,1000,1000
SUNFLOWER GRANDEUR,14,RCR,1000,1000
THE CENTRIO,12,RCR,1000,1000
THE HILLFORD,21,RCR,2013,60
THE MORNING GLORY,19,OCR,1000,1000
THE SPRINGS,11,CCR,1000,1000
THE TAMPINES TRILLIANT,18,OCR,2011,99
TIONG BAHRU ESTATE,3,RCR,1000,1000
VALLEY MANSION,9,CCR,1000,1000
WESTPEAK TERRACE,5,OCR,1000,1000
AMARANDA GARDENS,19,OCR,1000,1000
BARTLEY RISE ESTATE,19,OCR,1000,1000
CASA ESPERANZA,21,RCR,1000,1000
CASA SARINA,14,OCR,1000,1000
CASCADALE,16,OCR,1000,1000
CLAYMORE PLAZA,9,CCR,1000,1000
DAISY SUITES,13,OCR,1000,1000
DLV.,10,CCR,1000,1000
DORSETT RESIDENCES,2,RCR,2009,99
EASTWIND MANSIONS,15,RCR,1000,1000
EMERALD EAST,15,RCR,1000,1000
EVERITT GREEN,15,RCR,1000,1000
FERNHILL PLACE,10,CCR,1000,1000
FIRST POINT SUITES,15,OCR,1000,1000
GREEN SPRINGS,28,OCR,1879,999
JAZZ RESIDENCES,19,OCR,1000,1000
KENT RESIDENCES,8,RCR,1000,1000
KUIE PONG LOFT,10,CCR,1000,1000
LAVERNE'S LOFT,15,OCR,1000,1000
MERGUI MANSIONS,8,RCR,1000,1000
MIMOSA PARK,28,OCR,1000,1000
MOUNTBATTEN REGENCY,15,RCR,1000,1000
NATURA@HILLVIEW,23,OCR,1000,1000
NICOLE GREEN,14,RCR,1000,1000
PASIR VIEW PARK,5,RCR,1000,1000
SEAVIEW POINT,15,RCR,1000,1000
SIGLAP V,15,OCR,1000,1000
SKY HABITAT,20,RCR,2011,99
SMAILING COURT,14,OCR,1000,1000
SYLVAN LODGE,10,CCR,1000,1000
TANAH MERAH MANSION,16,OCR,1000,1000
THE BEACON,2,RCR,2004,99
THE BOULEVARD RESIDENCE,10,CCR,1000,1000
THE GLACIER,15,OCR,1000,1000
THE PALLADIUM,15,RCR,1000,1000
THE PEAK @ CAIRNHILL II,9,CCR,1000,1000
VALVISTA,19,OCR,2001,99
WALLICH RESIDENCE,2,CCR,2011,99
WARNER COURT,10,CCR,1000,1000
WING FONG MANSIONS,14,RCR,1000,1000
ASPEN LINQ,9,CCR,1841,999
BIRMINGHAM MANSIONS,11,CCR,1000,1000
CHANCERY PARK,11,CCR,1000,1000
CHARMING GARDEN,10,CCR,1875,999
CHELSEA GROVE,12,RCR,1000,1000
COSY 23,14,RCR,1000,1000
CRADELS,12,RCR,1000,1000
D - HERITAGE APARTMENTS,14,OCR,1000,1000
D' ALMIRA,13,OCR,1000,1000
DUNEARN GARDENS,11,CCR,1000,1000
EAST VILLAGE,16,OCR,1000,1000
ENG KONG GREEN,21,RCR,1000,1000
FULTON HILL,20,RCR,1000,1000
GARDEN APARTMENTS,10,CCR,1000,1000
GENTLE REFLECTIONS,11,CCR,1000,1000
GILLENIA,19,OCR,1886,999
HERITAGE EAST,15,OCR,1000,1000
HOMEY GARDENS,15,OCR,1000,1000
ISLAND COUNTRY VILLAS,20,OCR,1995,99
JERVOIS JADE APARTMENTS,10,CCR,1998,99
JOO CHIAT VERBENA,15,OCR,1000,1000
KIM KEAT LODGE,12,RCR,1000,1000
LILAC PARK,28,OCR,1000,1000
LIMAU PARK,16,OCR,1000,1000
MARGATE POINT,15,RCR,1000,1000
MONTROSA,23,OCR,1885,999
MOONSTONE RESIDENCES,12,RCR,1000,1000
NASSIM MANSION,10,CCR,1000,1000
NOMU,9,CCR,1000,1000
ONE CHATSWORTH,10,CCR,1000,1000
PARC ASTON,13,RCR,1000,1000
PARC CENTENNIAL,9,CCR,1000,1000
PICARDY GARDENS,16,OCR,1000,1000
RACE COURSE 138,8,RCR,1000,1000
RAINBOW MANSION,10,CCR,1000,1000
RESIDENCES @ NOVENA,11,CCR,2000,99
RIDGEVALE GARDENS,21,RCR,1000,1000
RIVIERA 38,12,RCR,1882,999
STILL MANSIONS,15,OCR,1000,1000
SUMMERLEA GREEN,21,RCR,1995,99
TAI YUAN GARDEN,19,OCR,1000,1000
THE ADARA,15,RCR,1000,1000
THE ARECA,19,RCR,2000,99
THE ARIEL,15,RCR,1000,1000
THE CENTREN,14,RCR,1000,1000
THE CLEMENT CANOPY,5,OCR,2016,99
THE HELICONIA,14,OCR,1000,1000
THE LEGEND,10,CCR,1000,1000
THE LINCOLN RESIDENCES,11,CCR,1000,1000
THE MERASAGA,10,CCR,1991,99
TUAN SING PARK,28,OCR,1000,1000
URBAN HERITAGE,12,RCR,1000,1000
WAI WING CENTRE,12,RCR,1000,1000
WATER TERRACE,19,OCR,1000,1000
WESTVIEW GARDENS,5,OCR,1000,1000
YGK GARDEN,10,CCR,1000,1000
YUNNAN GARDENS,22,OCR,1000,1000
1919,9,CCR,1000,1000
2 RVG,9,CCR,1000,1000
21 RICHARDS,19,OCR,1000,1000
28 SHELFORD,11,CCR,1000,1000
ARDISIA GARDENS,19,OCR,1993,99
ASTON LODGE,14,RCR,1000,1000
BALESTIER REGENCY,12,RCR,1000,1000
BALMORAL 8,10,CCR,1000,1000
BALMORAL GATE,10,CCR,1000,1000
BALMORAL PLAZA,10,CCR,1000,1000
BELMONDO VIEW,12,RCR,1000,1000
CANBERLIN LODGE,14,RCR,1000,1000
CASA IRRAWADDY,12,RCR,1000,1000
CHANCERY CORNER,11,CCR,1000,1000
CHANCERY COURT,11,CCR,1981,99
CHANGI GROVE,17,OCR,1000,1000
CORAL ISLAND,4,CCR,2005,99
D'ELIAS,18,OCR,1881,999
D'OASIA,14,OCR,1000,1000
DE CASALLE,15,OCR,1000,1000
EASTBAY,15,OCR,1000,1000
ELEVEN @ HOLLAND,10,CCR,2010,99
EURO-ASIA PARK,13,RCR,1000,1000
FIFTH AVENUE CONDOMINIUM,10,CCR,1000,1000
FIORENZA,19,OCR,1000,1000
GABRIEL VILLAS,19,OCR,1993,99
GILSTEAD BROOKS,11,CCR,1000,1000
GLASGOW RESIDENCE,19,OCR,1886,999
GLOBAL VILLE,12,RCR,1000,1000
GRANDEUR PARK RESIDENCES,16,OCR,2016,99
GUILIN COURT,14,RCR,1000,1000
HOLLAND GREEN,10,CCR,1995,99
HOLLYWOOD APARTMENTS,9,CCR,1000,1000
INTERO,13,RCR,1000,1000
INZ RESIDENCE,23,OCR,2015,99
KELLETT COURT,11,CCR,1000,1000
KEMBANGAN PLAZA,14,OCR,1000,1000
KEW PLACE,16,OCR,1000,1000
KILLINEY 118,9,CCR,1000,1000
KINGS APARTMENTS,15,OCR,1000,1000
KINGSLEY MANSIONS,12,RCR,1000,1000
LE HILL CONDOMINIUM,5,RCR,1000,1000
LOFT @ STEVENS,10,CCR,1000,1000
LOYANG GARDENS,17,OCR,1885,999
MARINE GARDEN,15,OCR,1000,1000
MARTIA RESIDENCE,15,OCR,1000,1000
MOULMEIN COURT,11,CCR,1000,1000
NEW SOO CHOW GARDENS,20,RCR,1000,1000
ONE AKYAB,11,CCR,1000,1000
ONE ROBIN,10,CCR,1000,1000
ORCHID APARTMENTS,11,CCR,1000,1000
PARC HAVEN,12,RCR,1000,1000
PARK PLACE RESIDENCES AT PLQ,14,RCR,2015,99
PEACH GARDEN,15,RCR,1000,1000
PEAKVILLE PARK,16,OCR,1000,1000
PINETREE CONDOMINIUM,10,CCR,1000,1000
SERAYA VILLE,15,RCR,1000,1000
SERENE VIEW MANSIONS,13,OCR,1000,1000
SIGNATURE CREST,15,RCR,1000,1000
SOMMERVILLE REGENCY,13,OCR,1000,1000
ST PATRICK'S LOFT,15,OCR,1000,1000
STADIA,19,OCR,1000,1000
STEVENS LOFT,10,CCR,1000,1000
STURDEE VIEW,8,RCR,1000,1000
TEMBELING COURT,15,RCR,1000,1000
THE CHERRYWOOD,15,OCR,1000,1000
THE EDGEWATER,17,OCR,1000,1000
THE FERNHILL,10,CCR,1000,1000
THE GALE,17,OCR,1000,1000
THE LANAI,23,OCR,1885,999
THE LATTIZ,14,OCR,1000,1000
THE MORNING DEW,28,OCR,1879,999
THE RED HOUSE,15,RCR,2012,99
THE RESIDENCES AT BARKER,11,CCR,1000,1000
THE SERENNO,15,RCR,1000,1000
THE SILVA GARDENS,19,OCR,1000,1000
THOMSON IMPERIAL COURT,20,RCR,1000,1000
TOH TUCK GARDEN,21,RCR,1000,1000
TOP TEN,9,CCR,1000,1000
TOWNHOUSE APARTMENTS,9,CCR,1977,99
TWO8ONE STUDIO,9,CCR,1841,999
TYRWHITT 139,8,RCR,1000,1000
VILLA DES FLORES,11,CCR,1000,1000
WORTHINGTON,15,RCR,1000,1000
3@SANDILANDS,19,OCR,1886,999
AQUENE,15,OCR,1000,1000
ARTRA,3,RCR,2016,99
BALMORAL HILLS,10,CCR,1000,1000
BALMORAL RESIDENCES,10,CCR,1000,1000
BINJAI PARK,21,RCR,1000,1000
BOTANIKA,10,CCR,1000,1000
BUCKLEY CLASSIQUE,11,CCR,1000,1000
CANBERLIN APARTMENTS,14,RCR,1000,1000
CITY SUITES,12,RCR,1000,1000
CRESCENDO BUILDING,15,OCR,1000,1000
DOMUS,12,RCR,1000,1000
DORMER PARK,10,CCR,1000,1000
ELITE RESIDENCES,15,OCR,1000,1000
ELIZABETH TOWER,9,CCR,1000,1000
ESPIRA SPRING,15,OCR,1000,1000
ESPIRA SUITES,15,OCR,1000,1000
ESTIQUE,15,RCR,1000,1000
EUNOS PARK,14,OCR,1000,1000
EWART PARK,10,CCR,1000,1000
FIFTY-TWO STEVENS,10,CCR,1000,1000
FORTUNE SPRING,15,OCR,1000,1000
GAO MING HUA YUAN,21,RCR,1000,1000
GEYLANG MANSION,14,RCR,1000,1000
GRYPHON TERRACE,5,RCR,1000,1000
GUAN SOON TERRACE,16,OCR,1000,1000
HARBOUR SUITES,4,RCR,1000,1000
HAUS@SERANGOON GARDEN,19,OCR,2011,99
HOLLAND SUITES,10,CCR,1000,1000
INOVA 100,15,OCR,1000,1000
KOVAN PRIMERA,19,OCR,1000,1000
LA BRISA,14,RCR,1000,1000
LA QUINTA PARK,19,OCR,1877,999
LA SALLE VILLAS,15,OCR,1000,1000
LA VIDA @ 130,15,OCR,1000,1000
LE REGAL,14,RCR,1000,1000
LE WOOD,21,OCR,1999,99
MADISON RESIDENCES,10,CCR,1000,1000
MILL POINT,10,CCR,1877,999
MONT TIMAH,21,OCR,2004,99
NINE RESIDENCES,27,OCR,2013,99
PARC ELEGANCE,15,OCR,1000,1000
PARC STEVENS,10,CCR,1000,1000
SAM LEONG MANSION,8,RCR,1000,1000
SARINA TERRACE,14,OCR,1000,1000
SCK VILLE,15,RCR,1000,1000
SEASIDE RESIDENCES,15,OCR,2016,99
SENG YONG VILLAS,14,OCR,1000,1000
SPACE @ KOVAN,19,OCR,1000,1000
STUDIOS @ MARNE,8,RCR,1000,1000
SUITES @ EASTCOAST,15,OCR,1000,1000
SUN ROSIER,19,OCR,1000,1000
SUNBIRD VIEW,16,OCR,1000,1000
SUNCOTTAGES,23,OCR,1883,999
TAIPAN GRAND,15,OCR,1000,1000
TEMBELING RESIDENCE,15,RCR,1000,1000
THE AXIS,11,CCR,1000,1000
THE BROOKS I & II,26,OCR,1000,1000
THE FLORENTINE,19,OCR,1934,947
THE MARQ ON PATERSON HILL,9,CCR,1000,1000
THE SPECTRUM,5,RCR,1000,1000
UNIQUE GARDEN,21,RCR,1000,1000
UNIVERSITY PARK,11,CCR,1994,99
VICTORY VILLE,17,OCR,1000,1000
WEST POINT PEARL GARDEN,5,OCR,1000,1000
WILKIE 87,9,CCR,1000,1000
10 SHELFORD,11,CCR,1000,1000
3BHC,20,RCR,1000,1000
AMPAS APARTMENTS,12,RCR,1000,1000
BALESTIER POINT,12,RCR,1000,1000
CAMELLIA LODGE,14,RCR,1000,1000
CENTRA LOFT,14,RCR,1000,1000
CENTRINA,15,RCR,1000,1000
CENTRO MANSIONS,14,RCR,1000,1000
CHESTNUT VILLE,23,OCR,1882,999
CHUAN VALE,19,OCR,2001,99
CLEMENTI GREEN,21,RCR,1000,1000
CORONA VILLE,10,CCR,1000,1000
COSMO,14,RCR,1000,1000
CRYSTAL MANSIONS,14,RCR,1000,1000
D'GROVE VILLAS,10,CCR,1000,1000
DEVONSHIRE RESIDENCES,9,CCR,1000,1000
ENG AUN MANSION,11,CCR,1000,1000
EVERGREEN GARDEN,16,OCR,1000,1000
EVERGREEN VIEW,14,RCR,1000,1000
FRASER RESIDENCE ORCHARD SINGAPORE,9,CCR,1000,1000
GOH & GOH BUILDING,21,RCR,1000,1000
GOLDENHILL VILLAS,19,OCR,1000,1000
HILLVIEW PARK,23,OCR,1000,1000
HOLLAND HILL PARK,10,CCR,1000,1000
HUA YU MANSION,14,OCR,1000,1000
INFINIUM,19,OCR,1000,1000
IVORY,15,RCR,1000,1000
JALAN BESAR PLAZA,8,RCR,1000,1000
JERVOIS VIEW,10,CCR,1000,1000
KEMBANGAN SUITES,14,OCR,1000,1000
KISMIS RESIDENCES,21,RCR,1000,1000
LEIGHWOODS,10,CCR,1000,1000
MALAYSIA PARK,14,OCR,1000,1000
MARSHALL LODGE,15,RCR,1000,1000
MERA TERRACE,16,OCR,1000,1000
MOUNT FABER LODGE,4,RCR,1000,1000
MOUNTBATTEN SUITES,15,RCR,1000,1000
NASSIM JADE,10,CCR,1000,1000
NOVA 88,12,RCR,1000,1000
ONE TREE HILL GARDENS,10,CCR,1000,1000
PAYA LEBAR RESIDENCES,14,RCR,1000,1000
PEPYS HILL CONDOMINIUM,5,RCR,1000,1000
PROSPERO VILLE,15,OCR,1000,1000
QUEENSBERRY LODGE,10,CCR,1000,1000
REGAL 35,14,RCR,1000,1000
RIVERSHIRE,9,CCR,1000,1000
ROBERTSON BLUE,9,CCR,1000,1000
ROSYTH VILLE,19,OCR,1886,999
ROYALVILLE,10,CCR,1000,1000
SAM KIANG MANSIONS,9,CCR,1000,1000
SEVEN HOLT ROAD,10,CCR,1000,1000
SKY GREEN,13,RCR,1000,1000
SOLARIS RESIDENCES,19,OCR,1000,1000
STILLZ RESIDENCE,15,RCR,1000,1000
SUNNY GROVE,14,RCR,1000,1000
TAI HWAN PARK,19,OCR,1000,1000
THE GRANGE,10,CCR,1000,1000
THE HACIENDA,15,OCR,1000,1000
THE HORIZON,10,CCR,1000,1000
THE MONDRIAN,21,OCR,1884,999
TIVOLI LODGE,14,RCR,1000,1000
TOH TUCK HILL,21,RCR,1000,1000
UBER 388,16,OCR,1000,1000
VENTUNO BALMORAL,10,CCR,1000,1000
WATERCOVE,27,OCR,1000,1000
WHITLEY VILLAS,11,CCR,1000,1000
28 RC SUITES,8,RCR,1000,1000
AFFLUENCE COURT,19,OCR,1000,1000
AIRVIEW PARK,21,RCR,1000,1000
ASIA GARDENS,2,RCR,1000,1000
BEDOK PESARI,16,OCR,1000,1000
BOONVIEW,20,RCR,1000,1000
CAIRNHILL ASTORIA,9,CCR,1000,1000
CASA FIDELIO,15,OCR,1000,1000
CENTRA RESIDENCE,14,RCR,1000,1000
CENTURION RESIDENCES,13,RCR,1000,1000
CHEPSTOW VILLE,19,OCR,1953,999
CITY STUDIOS,8,RCR,1000,1000
DUKE'S GARDEN,10,CCR,1875,999
E7 LODGE,14,OCR,1000,1000
EAST ELEGANCE,15,RCR,1000,1000
EBONY MANSIONS,15,OCR,1000,1000
ESTILO,9,CCR,1000,1000
EURO-ASIA COURT,9,CCR,1000,1000
FUYUEN COURT,14,RCR,1000,1000
GALAXY TOWERS,15,RCR,1000,1000
GARDENVILLE,10,CCR,1000,1000
GERALD RESIDENCE,28,OCR,1879,999
GREENBANK PARK,21,RCR,1000,1000
HIGHGATE PARK,21,RCR,1000,1000
HOLLAND COURT,10,CCR,1000,1000
LA BELLE,19,OCR,1000,1000
LAUW & SONS GARDEN,20,RCR,1000,1000
LEONIE HILL RESIDENCES,9,CCR,1000,1000
LLYN GARDENS,19,OCR,1000,1000
MABELLE,15,OCR,1000,1000
MACKENZIE 138,9,CCR,1000,1000
MAR THOMA MANSIONS,12,RCR,1882,999
MAYA,15,RCR,1000,1000
MAYFLOWER GARDENS,20,OCR,1000,1000
MEYER MELODIA,15,RCR,1000,1000
MICHAELS' RESIDENCES,23,OCR,2012,99
PARK 1 SUITES,14,RCR,1000,1000
PASIR PANJANG COURT,5,RCR,1000,1000
PEAKVIEW ESTATE,16,OCR,1000,1000
QUEEN ASTRID PARK,10,CCR,1876,999
RICH EAST GARDEN,16,OCR,1000,1000
SANDILANDS RESIDENCES,19,OCR,1886,999
SANDY PALM,17,OCR,1996,99
SHANGHAI ONE,10,CCR,1000,1000
SIMS DORADO,14,RCR,1000,1000
SOMMERVILLE GRANDEUR,10,CCR,1000,1000
THE CHAMPAGNE,14,OCR,1000,1000
THE CLEMENTVALE,5,OCR,1997,99
THE DOMAIN,15,OCR,1000,1000
THE ESTIVA,5,RCR,1000,1000
THE MORRIS RESIDENCES,19,OCR,1000,1000
TIVOLI GARDENS,19,OCR,1996,99
URBAN VISTA,16,OCR,2012,99
VANADIUM,8,RCR,1000,1000
VIBES@UPPER SERANGOON,19,OCR,1000,1000
VITRA,15,RCR,1000,1000
BALMY COURT,14,RCR,1000,1000
BAROSSA GARDENS,5,RCR,1000,1000
BELLA CASITA,15,RCR,1000,1000
BRIGHT GARDEN,15,OCR,1000,1000
CACTUS GREEN,28,OCR,1000,1000
CASA FELIZ,15,RCR,1000,1000
CLASSICAL TERRACE,19,OCR,1993,99
CORONATION SHOPPING PLAZA,10,CCR,1000,1000
D'FOCUS APARTMENTS,15,RCR,1000,1000
DUNMAN PLACE,15,RCR,1000,1000
EWE BOON REGENT,10,CCR,1000,1000
FORTUNE VIEW,13,OCR,1000,1000
GLAMOUR VILLE,15,OCR,1000,1000
GOLDEN MILE COMPLEX,7,CCR,1969,99
GRACE GARDEN,15,OCR,1000,1000
GREENWOOD VILLAS,11,CCR,1000,1000
HOLLAND TOWER,10,CCR,1000,1000
HOW SUN PARK,19,OCR,1000,1000
HUNDRED PALMS RESIDENCES,19,OCR,2016,99
KATONG OMEGA APARTMENTS,15,OCR,1000,1000
LLOYD SIXTYFIVE,9,CCR,1000,1000
LOTUS AT PASIR PANJANG,5,RCR,1000,1000
M5,10,CCR,1000,1000
MARTIN MODERN,9,CCR,2016,99
MELODY VILLAS,26,OCR,1000,1000
MIMOSA GARDENS,28,OCR,1000,1000
MOONSTONE ROYALE,12,RCR,1000,1000
PALM GROVE REGENCY,19,OCR,1878,999
PARK HOUSE,10,CCR,1000,1000
RIVER VALLEY COURT,9,CCR,1000,1000
ROBIN REGALIA,10,CCR,1000,1000
ROSE COURT,15,RCR,1000,1000
ROYAL COURT,21,RCR,1000,1000
SEMBAWANG COTTAGE,27,OCR,1000,1000
SHELFORD VIEW,11,CCR,1000,1000
SOUTH UNION PARK,15,OCR,1000,1000
STUDIO8,14,RCR,1000,1000
SUMMIT VILLE,23,OCR,1885,999
SUNFLOWER VIEW,14,RCR,1000,1000
THE ALBRACCA,15,RCR,1000,1000
THE AZZURO,15,OCR,1000,1000
THE LUSH,15,RCR,1000,1000
THE ORANGE GROVE,10,CCR,1000,1000
THE TAIPAN,16,OCR,1000,1000
THE VIEW @ MEYER,15,RCR,1000,1000
THOMSON PARK,20,RCR,1000,1000
THOMSON PLAZA,20,RCR,1976,99
THOMSON VALE,11,CCR,1000,1000
TREESCAPE,15,OCR,1000,1000
VILLA CHANCERY,11,CCR,1000,1000
WOODLANDS PARK,25,OCR,1000,1000
24 ONE RESIDENCES,5,RCR,1000,1000
3@PHILLIPS,19,OCR,1886,999
ARC AT TAMPINES,18,OCR,2011,99
ASTRIDVILLE,10,CCR,1000,1000
BUONA VISTA GARDENS,5,RCR,1000,1000
CALDECOTT HILL ESTATE,11,CCR,1000,1000
CASA FLORA,16,OCR,1000,1000
CASERO @ DUNMAN,15,RCR,1000,1000
CHANCERY ESQUIRE,11,CCR,1000,1000
CHAPEL COURT,15,RCR,1000,1000
CHIP HOCK GARDENS,10,CCR,1000,1000
COUNTRY ESQUIRE,20,RCR,1000,1000
CRANE COURT,15,RCR,1000,1000
CRYSTAL DE AZURE,19,OCR,1000,1000
D'EVELYN,11,CCR,1000,1000
DRAGON VIEW PARK,10,CCR,1000,1000
DUCHESS MANOR,10,CCR,1875,999
EAST VIEW,15,RCR,1000,1000
FARRER PARK SUITES,8,RCR,1000,1000
FLORENCE VILLE,19,OCR,1000,1000
GARDEN VIEW ESTATE,19,OCR,1000,1000
GEYLANG HERITAGE,14,RCR,1000,1000
HARMONY @ 1A,19,OCR,1000,1000
IDYLLIC SUITES,14,RCR,1000,1000
J COURT,15,OCR,1000,1000
J GATEWAY,22,OCR,2012,99
JANSEN MANSIONS,19,OCR,1876,999
KATONG APARTMENTS,15,RCR,1000,1000
KHEAM HOCK GARDENS,11,CCR,1000,1000
LE QUEST,23,OCR,2016,99
LE SHANTIER,12,RCR,1000,1000
LEVILLE ISUITES,15,RCR,1000,1000
LUSH ACRES,28,OCR,2013,99
LUXE VILLE,5,RCR,1000,1000
MCMAHON PARK,10,CCR,1877,999
MERA EAST,14,OCR,1000,1000
NORTHILL,25,OCR,1000,1000
ONE ROSYTH,19,OCR,1886,999
OPAL SUITES,12,RCR,1000,1000
PALM RESIDENCE,21,RCR,1000,1000
PARC MACKENZIE,9,CCR,1000,1000
RACE COURSE RD/OWEN RD CON AREA,8,RCR,1000,1000
REGENCY SUITES,3,RCR,1000,1000
REIGNWOOD HAMILTON SCOTTS,9,CCR,1000,1000
RIA TOWNHOUSES,16,OCR,1000,1000
RICH MANSIONS,10,CCR,1000,1000
RIVAGE,15,RCR,1000,1000
SANDY EIGHT,15,RCR,1000,1000
SCENIC HEIGHTS,12,RCR,1000,1000
SEA BREEZE TERRACE,16,OCR,1000,1000
SELETAR GARDEN,28,OCR,1000,1000
SERAYA COURT,15,RCR,1000,1000
SETIA RESIDENCES,11,CCR,1000,1000
SKYLINE 360 @ SAINT THOMAS WALK,9,CCR,1000,1000
SKYPARK,9,CCR,1000,1000
STEVEN'S COURT,10,CCR,1000,1000
STRAITS RESIDENCES,15,RCR,1000,1000
THE MKZ,9,CCR,1000,1000
THE PROMONT,9,CCR,1000,1000
TOHO GREEN,19,OCR,1978,99
TORIEVIEW MANSIONS,14,RCR,1000,1000
TORIEVILLE,14,RCR,1000,1000
VINA LODGE,19,OCR,1000,1000
8 NAPIER,10,CCR,1000,1000
BAYOU RESIDENCE,19,OCR,1000,1000
BEAUTY WORLD CENTRE,21,RCR,1979,99
BLOSSOM VIEW,14,RCR,1000,1000
BUCKLEY RESIDENCE,11,CCR,1000,1000
CASA EMERALD,14,RCR,1000,1000
D'SAVILLE,15,OCR,1000,1000
D-MANSIONS,15,RCR,1000,1000
EAST PALM,15,OCR,1000,1000
EASTERN GROVE,16,OCR,1878,999
ESPIRA RESIDENCE,15,OCR,1000,1000
FERNHILL COTTAGE,10,CCR,1000,1000
GILSTEAD 38,11,CCR,1000,1000
GOLDLEAF GARDENS,15,OCR,1000,1000
GREEN PARK,16,OCR,1878,999
JERVOIS GARDENS,10,CCR,1000,1000
KANDIS RESIDENCE,27,OCR,2016,99
KILAT 19,21,RCR,1000,1000
LE MERRITT,15,OCR,1000,1000
MINT RESIDENCES @ JANSEN,19,OCR,1878,999
MOUNT ROSIE GARDEN,11,CCR,1000,1000
NANAK MANSIONS,15,RCR,1000,1000
ORCHID VILLAGE,11,CCR,1000,1000
PLACE-8,19,OCR,1000,1000
RADIX,15,OCR,1000,1000
RIO GARDENS,12,RCR,1000,1000
RV POINT,9,CCR,1841,999
SELEGIE CENTRE,7,RCR,1000,1000
SELETAR PARK,28,OCR,1879,999
SENTOSA COVE,4,CCR,2006,99
ST MICHAEL'S CONDOMINIUM,12,RCR,1000,1000
SUITES @ AMBER,15,RCR,1000,1000
SURIN VILLAS,19,OCR,1000,1000
THE ARIZON,14,RCR,1000,1000
THE ASTERIA,15,OCR,1000,1000
THE FOLIAGE,5,RCR,1000,1000
THE HILLOFT,23,OCR,1885,999
THE MONTANA,10,CCR,1000,1000
THE PEAK,5,RCR,1000,1000
UP@ROBERTSON QUAY,9,CCR,2011,99
WHARTON VALE,9,CCR,1000,1000
ZEDGE,11,CCR,1000,1000
57 @ KOVAN,19,OCR,1000,1000
BLAIR PLAIN CONSERVATION AREA,2,RCR,1000,1000
BOON SING BUILDING,7,CCR,1835,999
BREEZY MANSIONS,19,OCR,1886,999
BUONA LODGE,5,RCR,1000,1000
CANARY PARK,16,OCR,1000,1000
CHANCERY HILL VILLAS,11,CCR,1000,1000
CHANGI GARDEN,17,OCR,1000,1000
CRYSTAL COURT,10,CCR,1000,1000
D'GALLERY,14,OCR,1000,1000
DUNEARN COURT,11,CCR,1000,1000
EAST GROVE,15,OCR,1000,1000
GOODLINK PARK,27,OCR,1000,1000
GRAND RESIDENCE,15,OCR,1000,1000
HUA MEI GARDENS,23,OCR,1000,1000
JERVOIS MEADOWS,10,CCR,1000,1000
JOO CHIAT MANSIONS,15,RCR,1000,1000
KEW GROVE,16,OCR,1000,1000
LEGEND @ JANSEN,19,OCR,1876,999
LODGE 77,15,OCR,1000,1000
MELROSE VILLE,15,RCR,1000,1000
MILL CREEK,14,OCR,1000,1000
MUN WAH GARDEN,26,OCR,1000,1000
ORCHARD VIEW,9,CCR,1000,1000
PRINCESS OF WALES PARK,10,CCR,1000,1000
RICHARD'S PARK,19,OCR,1000,1000
RICHMOND VILLE,16,OCR,1000,1000
ROMAN TERRACE,15,OCR,1000,1000
ROSE VILLE,15,RCR,1000,1000
SCULPTURA ARDMORE,10,CCR,1000,1000
SEMBAWANG SQUARE ESTATE,27,OCR,1000,1000
SEVEN OAKS,10,CCR,1000,1000
SIMON PLAZA,19,OCR,1000,1000
SPRING PARK ESTATE,16,OCR,1000,1000
STRATTON PARK,28,OCR,1000,1000
TAI PENG GARDENS,19,OCR,1000,1000
TELOK KURAU LODGE,15,OCR,1000,1000
THE AMSTON,23,OCR,1885,999
THE NAVIAN,14,OCR,1000,1000
THE RICHMOND,12,RCR,1000,1000
THE SCOTTS TOWER,9,CCR,2010,103
THE TWINS,10,CCR,1000,1000
THE VILLAS @ SENTOSA COVE,4,CCR,2005,99
THOMSON RISE ESTATE,20,RCR,1000,1000
TORIE MANSIONS,15,RCR,1000,1000
URBAN VILLAS,19,OCR,1000,1000
VETRO,12,RCR,1882,999
WASHINGTONIA VILLA,28,OCR,1000,1000
70@TRURO,8,RCR,1000,1000
91 MARSHALL,15,RCR,1000,1000
BALMORAL POINT,10,CCR,1000,1000
BARKER TERRACES,11,CCR,1000,1000
BOON COURT,15,RCR,1000,1000
CADENCE LIGHT,15,OCR,1000,1000
CARPMAEL THIRTY-EIGHT,15,RCR,1000,1000
CORONATION GROVE,10,CCR,1875,999
CRYSTAL TOWER,10,CCR,1000,1000
D'ZIRE,19,OCR,1875,999
DUBLIN LODGE,9,CCR,1000,1000
EXCELLENCE MANSIONS,14,RCR,1000,1000
FAME COURT,15,OCR,1000,1000
GOODWOOD GARDENS,10,CCR,1000,1000
GRAND REGENCY,21,RCR,1000,1000
HAIG TEN,15,RCR,1000,1000
HIGHLAND CENTRE,19,OCR,1000,1000
JERSEY LODGE,15,OCR,1000,1000
KENSINGTON SQUARE,19,OCR,1000,1000
LE ARC,14,RCR,1000,1000
LEITH GROVE,19,OCR,1000,1000
LIBERTE,10,CCR,1000,1000
LUSHAN GARDEN,19,OCR,1000,1000
MAYFAIR RESIDENCES,15,OCR,1000,1000
MIMOSA VALE,28,OCR,1878,999
NORTHSHORE BUNGALOWS,19,OCR,1000,1000
PARADISE ISLAND,4,CCR,2005,99
PARC BOTANNIA,28,OCR,2016,99
REZI 35,14,RCR,1000,1000
ROXY SQUARE,15,RCR,1995,9999
SALLIM LODGE,14,RCR,1000,1000
SIMEI GARDEN,16,OCR,1000,1000
SKT MANSIONS,14,RCR,1000,1000
SOMMERVILLE LOFT,13,OCR,1000,1000
SUI GENERIS,10,CCR,1000,1000
SUMMER SCENT,19,OCR,1883,999
SUNNY PARC,15,OCR,1000,1000
TAI WAH BUILDING,9,CCR,1000,1000
THE ARMADALE,11,CCR,1000,1000
THE BEACON EDGE,15,RCR,1000,1000
THE CITRON RESIDENCES,8,RCR,1000,1000
THE EASTSIDE,15,RCR,1000,1000
THE LEGACY,10,CCR,1000,1000
THE MIDAS,14,RCR,1000,1000
THE SANCTUARY @ GEYLANG,14,RCR,1000,1000
TRANQUILIA @ KISMIS,21,RCR,1000,1000
TREASURE LOFT,11,CCR,1000,1000
TROPICANA CONDOMINIUM,16,OCR,1885,999
ZEPHYR PARK,16,OCR,1000,1000
8 RAJA,12,RCR,1000,1000
APARTMENT 8,13,RCR,1000,1000
BELYSA,18,OCR,2011,99
BLOSSOM GARDENS,19,OCR,1000,1000
CHARISMA VIEW,21,RCR,1000,1000
CHUAN VILLE,19,OCR,2001,99
CHUAN VISTA II,19,OCR,1997,99
DERBYSHIRE HEIGHTS,11,CCR,1000,1000
DUCHESS GARDEN,10,CCR,1875,999
DYNASTY LODGE,10,CCR,1000,1000
EN FU MANSIONS,14,RCR,1000,1000
GOLDEN CHUAN VILLE,19,OCR,1000,1000
HERTFORD COLLECTION,8,RCR,1000,1000
HILLSIDE MANSIONS,19,OCR,1000,1000
IDYLLIC EAST,16,OCR,1000,1000
ISLAND GARDENS,20,RCR,1000,1000
JADE VINE GARDENS,19,OCR,1883,999
JERVOIS GREEN,10,CCR,1000,1000
LA DOLCE VITA,19,OCR,1000,1000
LE WILKIE,9,CCR,1000,1000
LIIV RESIDENCES,5,RCR,1000,1000
NEWTON IMPERIAL,11,CCR,1000,1000
OXLEY EDGE,9,CCR,1000,1000
PARKWAY MANSION,15,RCR,1000,1000
PEPPERMINT GROVE,11,CCR,1000,1000
R66 APARTMENTS,8,RCR,1000,1000
RESIDENCE 66,15,OCR,1000,1000
ROSYTH LODGE,19,OCR,1886,999
ROSYTH RESIDENCE,19,OCR,1886,999
SERANGOON GARDEN VIEW,19,OCR,1879,999
SUNSHINE LOFT,15,OCR,1000,1000
TERESA 8,4,RCR,1000,1000
THE CENTREPOINT,9,CCR,1979,99
THE DIAMOND,14,RCR,1000,1000
THE ODEON KATONG,15,RCR,1000,1000
THE VANDERLINT,15,RCR,1000,1000
WILKIE 48,9,CCR,1000,1000
448@EAST COAST,15,OCR,1000,1000
8 BASSEIN,11,CCR,1000,1000
BEECHWOOD TERRACE,25,OCR,1995,99
BOURNEMOUTH EIGHT,15,RCR,1000,1000
CANTIZ @ RAMBAI,15,RCR,1000,1000
CASA MEYA,13,RCR,1000,1000
CASTLE LOFT,15,OCR,1000,1000
DAISY PETALS,13,OCR,1000,1000
DENG FU VILLE,14,OCR,1000,1000
DONG XING COURT,15,OCR,1000,1000
DUCHESS ROYALE,10,CCR,1875,999
EDENZ SUITES,14,RCR,1000,1000
EMILY RESIDENCE,9,CCR,1000,1000
FRAGRANCE COURT,5,RCR,1000,1000
GARDEN PARK RESIDENCES,15,OCR,1000,1000
HERITAGE RESIDENCES,15,OCR,1000,1000
HIGH STREET CENTRE,6,CCR,1969,99
HOMES AT EASTWOOD PLACE,16,OCR,1995,99
INGGU 6,27,OCR,2011,99
ISLAND PARK,20,RCR,1000,1000
JOO CHIAT APARTMENT,15,RCR,1000,1000
LA MEYER,15,RCR,1000,1000
MARTIN EDGE,9,CCR,1000,1000
MIDTOWN RESIDENCES,19,OCR,2013,99
MONVILLE MANSIONS,12,RCR,1000,1000
NEW COURT,12,RCR,1000,1000
NEW FUTURA,9,CCR,1000,1000
ONE NORTH BRIDGE,6,CCR,1969,99
PRESTIGE RESIDENCE,15,OCR,1000,1000
SEMBAWANG PARK,27,OCR,1000,1000
SPRINGLEAF VILLAS,26,OCR,1000,1000
SPRINGVALE,15,OCR,1000,1000
THE OXLEY,9,CCR,1000,1000
THE WILSHIRE,10,CCR,1000,1000
THREE 11,20,RCR,1000,1000
URBAN RESORT CONDOMINIUM,9,CCR,1000,1000
WEST-N,5,RCR,1000,1000
BALESTIER 288,12,RCR,1000,1000
BEAUFORT ON NASSIM,10,CCR,1000,1000
BENG TONG MANSION,15,RCR,1000,1000
BOON TECK APARTMENTS,12,RCR,1000,1000
CAIRNHILL MANSIONS,9,CCR,1000,1000
D'CAMBRIDGE,8,RCR,1000,1000
D'MIRA,12,RCR,1000,1000
DUCHESS PLACE,10,CCR,1875,999
DYSON RITZ,11,CCR,1000,1000
EASTCOVE RESIDENCES,15,OCR,1000,1000
EASTREES,15,OCR,1000,1000
FENARA COURT,15,OCR,1000,1000
FERNWOOD TERRACES,15,OCR,1000,1000
FIVENINE,15,OCR,1000,1000
GAMBIR RIDGE,19,OCR,1000,1000
HAI SING PARK,19,OCR,1876,999
HOLLAND HILL LODGE,10,CCR,1000,1000
KOVANA,19,OCR,1000,1000
MIMOSA VILLAS,28,OCR,1878,999
NIM COLLECTION,28,OCR,2016,99
PARKSUITES,10,CCR,2017,110
RE CHARGE @ 303,9,CCR,1841,999
SIMS POINT,14,RCR,1000,1000
SUMMER VIEW,14,RCR,1000,1000
SUNFLOWER LODGE,14,RCR,1000,1000
THE BROOKS I,26,OCR,1000,1000
THE COURTYARD,19,OCR,1000,1000
WATERCOLOURS,18,OCR,2012,99
336 RIVER VALLEY,9,CCR,1000,1000
8 HULLET,9,CCR,1000,1000
BIN TONG PARK,10,CCR,1000,1000
CAIRNHILL HEIGHTS,9,CCR,1000,1000
CASCATA,14,OCR,1000,1000
CITYVALE,9,CCR,1000,1000
DAISY PARK,13,OCR,1000,1000
EALINE PARK,5,RCR,1000,1000
EAST GALLERIA,15,RCR,1000,1000
EDEN VIEW,19,OCR,1000,1000
GUAN SOON VILLAS,16,OCR,1000,1000
HEJI GARDENS,15,OCR,1000,1000
HENLEY GARDENS,19,OCR,1996,99
HOOVER PARK,21,RCR,1000,1000
KJ MANSION,19,OCR,1886,999
KOVAN 81,19,OCR,1878,999
LOTUS AT JERVOIS,10,CCR,1000,1000
MAKEWAY VIEW,9,CCR,1000,1000
ONEROBEY,19,OCR,1875,999
PALM GROVE TERRACE,19,OCR,1878,999
PARC REGENCY,5,RCR,1000,1000
PUBLIC MANSION,12,RCR,1000,1000
REGINA HILL,21,RCR,1000,1000
SHAN GATE APARTMENTS,12,RCR,1000,1000
SPRING GARDENS,15,RCR,1000,1000
SUN PLAZA,27,OCR,1996,99
THE ELYSIA,12,RCR,1882,999
THE OCTET,14,RCR,1000,1000
THE SHORELINE RESIDENCES I,27,OCR,2011,99
THE TAPESTRY,18,OCR,2017,99
TOH YI COURT,21,RCR,1000,1000
TOHO MANSIONS,10,CCR,1000,1000
WESTSIDE 33,5,OCR,1000,1000
WU DE BUILDING,8,RCR,1000,1000
AVANT RESIDENCES,14,RCR,2012,99
BAODE BUILDING,14,RCR,1000,1000
BOUGAINVILLA APARTMENTS,14,RCR,1000,1000
CASA AROMA,15,RCR,1000,1000
CHARLTON CORNER,19,OCR,1000,1000
D' PALMA,14,OCR,1000,1000
DELIGHT COURT,14,RCR,1000,1000
FORTUNA HILL,19,OCR,1876,999
GOODWILL COURT,15,OCR,1000,1000
GRAND REGALIA,19,OCR,1000,1000
HEETON PARK,26,OCR,1000,1000
HIGHLAND ROW,19,OCR,1000,1000
JANSEN 28,19,OCR,1876,999
MARTIA 8,15,OCR,1000,1000
ONE CHILTERN,13,OCR,1000,1000
PALM VISTA,15,OCR,1000,1000
POMEX COURT,15,RCR,1000,1000
RACE COURSE MANSION,8,RCR,1000,1000
RAINTREE VALLEY,26,OCR,1000,1000
RED BRICK VILLAS,20,OCR,1000,1000
RIVERCOVE RESIDENCES,19,OCR,2016,99
ROBINSON SUITES,1,CCR,1000,1000
SILAHIS VILLE,14,OCR,1000,1000
ST MARTIN'S APARTMENT,10,CCR,1000,1000
STELLAR RV,10,CCR,1000,1000
THE BROOKS II,26,OCR,1000,1000
THE CALYPSO,16,OCR,1000,1000
THE ESTORIL,10,CCR,1000,1000
THE SUNFLOWER,14,RCR,1000,1000
THE THOMSON DUPLEX,11,CCR,1000,1000
THE TOP RESIDENCE,19,OCR,1884,999
THE VERANDAH RESIDENCES,5,RCR,1000,1000
TOPAZ MANSIONS,12,RCR,1000,1000
VERDANA VILLAS,19,OCR,1000,1000
WAN THO LODGE,13,RCR,1000,1000
WESTLAKE GARDENS,20,RCR,1000,1000
WILKIE REGENCY,9,CCR,1000,1000
AMBER 45,15,RCR,1000,1000
AURA 83,15,RCR,1000,1000
BALMORAL GARDENS,10,CCR,1000,1000
BELLA VISTA,13,OCR,1000,1000
CANDEVILLE,15,OCR,1000,1000
CAYMAN RESIDENCES,15,OCR,1000,1000
CHINATOWN PLAZA,2,RCR,1000,1000
CHUN TIN COURT,21,RCR,1000,1000
COASTAL VILLAS,16,OCR,1000,1000
D'HIRO@HILLSIDE,19,OCR,1876,999
EATON PARK,28,OCR,1000,1000
EDENZ LOFT,14,RCR,1000,1000
ESTERINA,15,RCR,1000,1000
HARVEY RESIDENCES,16,OCR,1000,1000
KENG LEE VIEW,8,RCR,1000,1000
LE GAMBIR,19,OCR,1000,1000
LUCKY COURT,16,OCR,1000,1000
MATLOCK RESIDENCES,13,OCR,1000,1000
MEYER PARK,15,RCR,1000,1000
OVADA 8,15,RCR,1000,1000
PEAK COURT CONDOMINIUM,11,CCR,1000,1000
SEA PAVILION RESIDENCES,16,OCR,1000,1000
SHEPHERD'S HILL ESTATE,3,RCR,1000,1000
SIXTEEN35 RESIDENCES,14,RCR,2018,99
SPRINGDEW TERRACE,5,RCR,1000,1000
SRI MENANTI ESTATE,10,CCR,1000,1000
STRAITS GARDENS,27,OCR,1000,1000
TANQUEELAN SUITES,7,CCR,1827,999
THE GRANDIFLORA,15,OCR,1000,1000
THE SCENIC @ BRADDELL,13,OCR,1000,1000
THE SORRENTO,5,OCR,1000,1000
TWIN VEW,5,OCR,2017,99
VILLA CHANCERITA,11,CCR,1000,1000
VILLA D'ESTE,10,CCR,1000,1000
VILLAS LA VUE,15,OCR,1000,1000
WATER VILLAS,19,OCR,1000,1000
1 CANBERRA,27,OCR,2012,99
120 GRANGE,10,CCR,1000,1000
33 RESIDENCES,14,RCR,1000,1000
AFFINITY AT SERANGOON,19,OCR,2018,99
BALMORAL HEIGHTS,10,CCR,1000,1000
DORSET MANSIONS,8,RCR,1000,1000
DUKU APARTMENTS,15,RCR,1000,1000
EASTPAC BUILDING,12,RCR,1000,1000
FORTUNA GARDENS,19,OCR,1000,1000
GRANDIOSO 8,20,RCR,1000,1000
HILLSGROVE,19,OCR,1878,999
JI XIANG COURT,15,OCR,1000,1000
LA MAISON,11,CCR,1000,1000
LOYANG GREEN,17,OCR,1938,946
LUCKY PARK,10,CCR,1000,1000
MARGARET VILLE,3,RCR,2017,99
MARINE VIEW MANSIONS,15,RCR,1000,1000
MAYFLOWER RESIDENCES,20,OCR,1000,1000
MING PARK,20,RCR,1000,1000
ONE DRAYCOTT,10,CCR,1000,1000
SPAZIO @ KOVAN,19,OCR,1000,1000
SURIN GARDENS,19,OCR,1000,1000
TANAH MERAH PARK,17,OCR,1000,1000
TECK GUAN VILLE,16,OCR,1000,1000
THE ENCLAVE . HOLLAND,10,CCR,1000,1000
THE GARDEN RESIDENCES,19,OCR,2017,99
THE OLIV,10,CCR,1000,1000
TREASURE MANSIONS,19,OCR,1000,1000
WANG LODGE,14,RCR,1000,1000
3 ORCHARD BY-THE-PARK,10,CCR,1000,1000
8 @ STRATTON,28,OCR,1000,1000
AO JIANG APARTMENTS,13,RCR,1000,1000
BANYAN VILLAS,26,OCR,1000,1000
CAMBIO SUITES,19,OCR,1000,1000
CASHEW ESTATE,23,OCR,1882,999
CHARLTON RESIDENCES,19,OCR,1000,1000
DAINTREE RESIDENCE,21,RCR,2017,99
FLORENCE GROVE,19,OCR,1000,1000
KECHUBONG TERRACE,28,OCR,1879,999
LIANG SEAH COURT,7,CCR,1827,999
LIV ON SOPHIA,9,CCR,1000,1000
MARINE MEADOWS,15,RCR,1000,1000
ONE TREE HILL COLLECTION,10,CCR,1000,1000
PARK COLONIAL,13,RCR,2017,99
PINE COURT,15,OCR,1000,1000
PRESTIGE LOFT,15,OCR,1000,1000
RESIDENCES @ LIMAU,16,OCR,1000,1000
RIVERFRONT RESIDENCES,19,OCR,2018,99
RIVERSIDE 48,9,CCR,1000,1000
SIGLAP GARDEN,15,OCR,1000,1000
STIRLING RESIDENCES,3,RCR,2017,99
THE LUMOS,9,CCR,1000,1000
THE SUNNIDORA,15,OCR,1000,1000
TIAN COURT,15,RCR,1000,1000
URBAN RESIDENCES,19,OCR,1000,1000
VERDURE VILLAS,19,OCR,1874,999
8 SAINT THOMAS,9,CCR,1000,1000
ALLAMANDA GROVE,10,CCR,1000,1000
CASA AL MARE,17,OCR,1000,1000
HAPPY GARDENS,13,RCR,1000,1000
HERON BAY,19,OCR,2012,99
HOCK MANSION,9,CCR,1000,1000
MONT BOTANIK RESIDENCE,23,OCR,1000,1000
POH HENG COURT,15,OCR,1000,1000
SARHAD VILLE,5,RCR,1000,1000
SHAMROCK VILLAS,10,CCR,1000,1000
SUNNY LODGE,14,OCR,1000,1000
THE TRE VER,13,RCR,2018,99
BUKIT 828,23,OCR,1000,1000
CASHEW GREEN,23,OCR,1883,999
JADESCAPE,20,RCR,2018,99
JUI RESIDENCES,12,RCR,1000,1000
KAP RESIDENCES,21,RCR,1000,1000
MAYBELLE LODGE,15,OCR,1000,1000
MAYFAIR GARDENS,21,RCR,2018,99
MINBU VILLA,11,CCR,1000,1000
MONARCHY APARTMENTS,11,CCR,1000,1000
PETAIN COURT,8,RCR,1000,1000
SANFORD PARK,19,OCR,1000,1000
SOUTH BEACH RESIDENCES,7,CCR,2007,99
THE ADDITION,13,RCR,1000,1000
THE BALMORAL SPRING,10,CCR,1000,1000
THE JOVELL,17,OCR,2018,99
10 EVELYN,11,CCR,1000,1000
BERKELEY RESIDENCES,15,OCR,1000,1000
CAMBRIDGE VILLAGE,8,RCR,1000,1000
GRACE PARK,19,OCR,1000,1000
JC VILLE,15,RCR,1000,1000
KASARA,4,CCR,2006,99
KIM KEAT GARDENS,12,RCR,2001,99
SAPPHIRE COURT,15,OCR,1000,1000
TERESA VILLAS,4,RCR,1000,1000
THE RAMFORD,15,RCR,1000,1000
WOODSVILLE MANSIONS,13,RCR,1000,1000
3 CUSCADEN,10,CCR,1000,1000
ARENA RESIDENCES,14,RCR,1000,1000
BELGRAVIA GREEN,28,OCR,1000,1000
DARBY PARK,10,CCR,1993,99
KENT RIDGE HILL RESIDENCES,5,RCR,2018,99
LOFT 33,14,RCR,1000,1000
PARC ESTA,14,RCR,2018,99
PETIT JERVOIS,10,CCR,1000,1000
ST PATRICK'S COURT,15,OCR,1000,1000
SUNSET LODGE,21,OCR,1000,1000
THE WOODLEIGH RESIDENCES,13,RCR,2017,99
WHISTLER GRAND,5,OCR,2018,99
CAMWOOD PARK,10,CCR,1000,1000
JC RESIDENCE,15,RCR,1000,1000
PALACIO,15,OCR,1000,1000
THE RAINFOREST,23,OCR,2011,99
WATERBAY,19,OCR,2012,99
DYNASTY GARDEN,10,CCR,1000,1000
FOURTH AVENUE RESIDENCES,10,CCR,2018,99
FYVE DERBYSHIRE,11,CCR,1000,1000
JADE GARDEN,10,CCR,1000,1000
ROYALE MANSIONS,15,RCR,1000,1000
RV ALTITUDE,9,CCR,1000,1000
SEASUITES,5,RCR,1000,1000
SERAYA RESIDENCES,15,RCR,1000,1000
SHELFORD VILLAS,11,CCR,1000,1000
SIXTH AVENUE CENTRE,10,CCR,1000,1000
TAIPAN JADE,15,RCR,1000,1000
THE IVERIA,9,CCR,1000,1000
HIGHLAND CONDOMINIUM,19,OCR,1000,1000
LYNDHURST GROVE,15,RCR,1000,1000
SURIN GROVE,19,OCR,1000,1000
TEMBELING MANSIONS,15,RCR,1000,1000
THE BECCAGAYLE,15,OCR,1000,1000
1953,8,RCR,1000,1000
35 GILSTEAD,11,CCR,1000,1000
BOULEVARD 88,10,CCR,1000,1000
LA NOUVELLE,11,CCR,1000,1000
MOSELLA,13,OCR,1000,1000
NYON,15,RCR,1000,1000
ONE MEYER,15,RCR,1000,1000
REZI 24,14,RCR,1000,1000
SELETAR VIEW,28,OCR,1879,999
SWISS VALLEY,11,CCR,1000,1000
THE ESSENCE,26,OCR,2018,99
THE FLORENCE RESIDENCES,19,OCR,2018,99
TREASURE AT TAMPINES,18,OCR,2018,99
WESTMONT,5,OCR,1000,1000
BARKER VILLE,11,CCR,1000,1000
COASTLINE RESIDENCES,15,RCR,1000,1000
CORONATION VILLE,10,CCR,1875,999
FINLAND GARDENS,15,OCR,1000,1000
GARLICK VILLE,10,CCR,1000,1000
GIDEON'S LODGE,15,RCR,1000,1000
GILSTEAD MANSION,11,CCR,1000,1000
LOWLAND TERRACE,19,OCR,1000,1000
MAYFAIR MODERN,21,RCR,2018,99
SHELFORD GREEN,11,CCR,1000,1000
VICENTA LODGE,14,OCR,1000,1000
WILSHIRE RESIDENCES,10,CCR,1000,1000
AMBER PARK,15,RCR,1000,1000
CAMELIA PARK,28,OCR,1000,1000
CHEOW KENG GARDEN,15,RCR,1000,1000
COSY LODGE,14,RCR,1000,1000
EMPRADO SUITES,15,OCR,1000,1000
JUNIPER HILL,10,CCR,1000,1000
MEYERHOUSE,15,RCR,1000,1000
OLLOI,15,RCR,1000,1000
PARC KOMO,17,OCR,1000,1000
RIVIERE,3,RCR,2018,99
SUMMER GREEN,12,RCR,1000,1000
THE GAZANIA,19,OCR,1000,1000
THE HYDE,10,CCR,1000,1000
YONG SIAK COURT,3,RCR,1000,1000
CHUAN SEVEN,19,OCR,1997,99
DUNSFOLD 18,13,OCR,1000,1000
LATTICE ONE,20,OCR,1000,1000
MARINE VILLE,15,RCR,1000,1000
MARYLAND ESTATE,10,CCR,1877,999
ODEON SEASIDE PARK,15,RCR,1000,1000
PLATINA GARDENS,27,OCR,1000,1000
SKY EVERTON,2,RCR,1000,1000
SLOANE RESIDENCES,10,CCR,1000,1000
SOPHIA VIEW,9,CCR,1000,1000
ST PATRICK'S ROW,15,OCR,1000,1000
THE LILIUM,19,OCR,1000,1000
THE SHORELINE RESIDENCES II,27,OCR,2011,99
TUDOR TEN,11,CCR,1000,1000
BLOSSOM MANSIONS,14,RCR,1000,1000
DUNEARN 386,11,CCR,1000,1000
FENGLI GARDENS,19,OCR,1000,1000
HAUS ON HANDY,9,CCR,2018,99
HERITAGE PLACE,7,CCR,1827,999
HONOLULU TOWER,10,CCR,1000,1000
KEW COTTAGES,16,OCR,1000,1000
NOUVEL 18,10,CCR,1000,1000
ONE PEARL BANK,3,RCR,2019,99
PIERMONT GRAND,19,OCR,2018,99
VIEW AT KISMIS,21,RCR,2019,99
LYNWOOD EIGHT,13,OCR,1000,1000
PARC CLEMATIS,5,OCR,2019,99
ROOTS @ TRANSIT,26,OCR,2014,99
SEVENTY SAINT PATRICK'S,15,OCR,1000,1000
28 IMPERIAL RESIDENCES,14,RCR,1000,1000
AVENUE SOUTH RESIDENCE,3,RCR,2018,99
BLISS VILLE,14,OCR,1000,1000
BOWMONT CENTRE,15,OCR,1000,1000
CUSCADEN RESERVE,10,CCR,2018,99
DAISY LODGE,13,OCR,1000,1000
EDEN RESIDENCES CAPITOL,6,CCR,2011,99
INFINI AT EAST COAST,15,OCR,1000,1000
MEYER MANSION,15,RCR,1000,1000
PETAIN RD/TYRWHITT RD CONSERVATION AREA,8,RCR,1919,999
THE ANTARES,14,RCR,2018,99
UPTOWN @ FARRER,8,RCR,2017,99
8 ON CHUAN,19,OCR,2001,99
BALMORAL TOWER,10,CCR,1000,1000
CHUAN GARDEN,19,OCR,1000,1000
KILBURN ESTATE,21,RCR,1885,999
MIDTOWN BAY,7,CCR,2018,99
MIDWOOD,23,OCR,2018,99
NEU AT NOVENA,11,CCR,1000,1000
OXLEY RESIDENCE,9,CCR,1000,1000
ROYALGREEN,10,CCR,1000,1000
SAGE,10,CCR,1000,1000
TROPICS @ HAIGSVILLE,15,RCR,1000,1000
VILLAS @ GILSTEAD,11,CCR,1000,1000
WASHINGTON VILLA,28,OCR,1000,1000
CHISELHURST GREEN,19,OCR,2001,99
CORONATION ARCADE,10,CCR,1000,1000
DAIRY FARM RESIDENCES,23,OCR,2018,99
DUKU COURT,15,RCR,1000,1000
HOCK SENG PARK,21,RCR,1000,1000
J C DRAYCOTT,10,CCR,1000,1000
LESHAN GARDENS,14,RCR,1000,1000
LIANG COURT,6,RCR,1980,97
ONE HOLLAND VILLAGE RESIDENCES,10,CCR,2018,99
PARKWOOD COLLECTION,19,OCR,2017,99
PULLMAN RESIDENCES NEWTON,11,CCR,1000,1000
SENGKANG GRAND RESIDENCES,19,OCR,2018,99
URBAN TREASURES,14,OCR,1000,1000
CASA SOPHIA,9,CCR,1000,1000
EVER LODGE,14,RCR,1000,1000
HAZEL PARK TERRACE,23,OCR,1882,999
PAVILION SQUARE,14,RCR,1000,1000
RESIDENCE TWENTY-TWO,15,OCR,1000,1000
EASTVILLE APARTMENTS,15,RCR,1000,1000
FOH PIN GARDEN,19,OCR,1000,1000
KUM HING COURT,10,CCR,1000,1000
LEEDON GREEN,10,CCR,1000,1000
LOYANG COURT,17,OCR,1994,99
SANDY ISLAND,4,CCR,2007,99
THE AVENIR,9,CCR,1000,1000
VAN HOLLAND,10,CCR,1000,1000
D' IXORAS,11,CCR,1000,1000
D' SILVA TERRACE,19,OCR,1883,999
DALVEY HAUS,10,CCR,1000,1000
GREENWOOD MEWS,11,CCR,2011,103
JERVOIS TREASURES,10,CCR,1000,1000
PARC CANBERRA,27,OCR,2018,99
PENG'S COURT,15,RCR,1000,1000
PHILLIPS RESIDENCE,19,OCR,1886,999
SARINA PARK,14,OCR,1000,1000
SHEBA LODGE,15,RCR,1000,1000
THE CASSANDRA,5,RCR,1000,1000
THE M,7,CCR,2019,99
VERTICUS,12,RCR,1000,1000
19 NASSIM,10,CCR,2019,99
77 @ EAST COAST,15,OCR,1000,1000
EBER GARDENS,9,CCR,1000,1000
G RESIDENCES,15,OCR,1000,1000
HERITAGE APARTMENTS,10,CCR,1000,1000
MANHATTAN MANSIONS,10,CCR,1000,1000
OLA,19,OCR,2018,99
TEDGE,14,OCR,1000,1000
WILLYN VILLE,10,CCR,1000,1000
15 HOLLAND HILL,10,CCR,1000,1000
BURGHLEY DRIVE,19,OCR,1000,1000
CITYLIFE@TAMPINES,18,OCR,2012,99
DUNMAN GARDEN,15,RCR,1000,1000
KOPAR AT NEWTON,9,CCR,2019,99
ONAN COURT,15,RCR,1000,1000
MUGLISTON PARK,28,OCR,1886,999
PALISADES,5,RCR,1000,1000
PARKWOOD RESIDENCES,19,OCR,2020,99
BOUTIQUE @ KOVAN,19,OCR,1000,1000
CEYLON COURT,15,RCR,1000,1000
PROSPER GARDENS,16,OCR,1000,1000
SUN COURT,21,RCR,1000,1000
SUNFLOWER MANSIONS,14,RCR,1000,1000
TANGLIN HILL MEADOWS,10,CCR,1000,1000
ASHLEY GREEN,10,CCR,1877,999
CAIRNHILL CONSERVATION AREA,9,CCR,1000,1000
CHUAN YUAN,19,OCR,2002,99
FORETT AT BUKIT TIMAH,21,RCR,1000,1000
KILAT COURT,21,RCR,1000,1000
KING'S LODGE,10,CCR,1000,1000
LEITH PARK,19,OCR,1000,1000
MEIHE GARDENS,13,OCR,1000,1000
MOOI RESIDENCES,10,CCR,1000,1000
NOMA,14,RCR,1000,1000
PINEWOOD TERRACE,25,OCR,1995,99
RANGOON VIEW,8,RCR,1000,1000
SEMBAWANG VILLAS,27,OCR,1000,1000
THE HUNTINGTON,11,CCR,1000,1000
THE STRADIA,19,OCR,1000,1000
THE SUNNIFLORA,15,OCR,1000,1000
WING FONG BUILDING,14,RCR,1000,1000
BARKER 9,11,CCR,1000,1000
CRESCENT BUILDING,12,RCR,1000,1000
EAST MOON PARK,15,OCR,1000,1000
EASTWOOD GARDEN TERRACES,16,OCR,1995,99
KIARA 10,14,OCR,1000,1000
MYRA,13,RCR,1000,1000
PENROSE,14,RCR,2019,99
VERDALE,21,RCR,2018,99
VICTORY POINT,12,RCR,1000,1000
BOON GARDENS,19,OCR,1000,1000
CERELIA VISTA,19,OCR,1000,1000
D'HILLSIDE LOFT,5,RCR,1000,1000
ENG APARTMENTS,14,RCR,1000,1000
FLORENCE GARDENS,19,OCR,1934,947
GLASGOW GREEN,19,OCR,1876,999
HAPPY PARK,20,OCR,1000,1000
HYLL ON HOLLAND,10,CCR,1000,1000
KOVAN ESQUIRE,19,OCR,1000,1000
LA VILLE,15,RCR,1000,1000
LONG HUA YUAN,14,OCR,1000,1000
MAYFLOWER VILLE,20,OCR,1000,1000
SHIRO,15,OCR,1000,1000
THREE BUCKLEY,11,CCR,1000,1000
TRENDALE TOWER,9,CCR,1000,1000
EMERALD APARTMENTS,9,CCR,1000,1000
FAIRHAVEN,9,CCR,1000,1000
KENSINGTON PARK,19,OCR,1878,999
ROSEDALE,21,RCR,1000,1000
SIGLAP LODGE,15,OCR,1000,1000
SOPHIA VILLE,9,CCR,1000,1000
STILL 123,15,RCR,1000,1000
THE LANDMARK,3,RCR,2020,99
THE LINQ @ BEAUTY WORLD,21,RCR,1000,1000
THE VERV @ RV,9,CCR,1000,1000
TK ONE,15,OCR,1000,1000
ADVANCE APARTMENTS,14,RCR,1000,1000
CLAVON,5,OCR,2019,99
D' MARINE,15,RCR,1000,1000
EIGHT @ EAST COAST,15,OCR,1000,1000
FORETT@BUKIT TIMAH,21,RCR,1000,1000
ICON @ PASIR PANJANG,5,RCR,1000,1000
KI RESIDENCES AT BROOKVALE,21,OCR,1885,999
LOYANG GROVE,17,OCR,1994,99
MOUNT ECHO PARK,10,CCR,1000,1000
PHOENIX RESIDENCES,23,OCR,2019,99
RADIANCE @ BUKIT TIMAH,21,RCR,1000,1000
RINDU TERRACE,19,OCR,1993,99
SERENE VIEW MANSION,13,OCR,1000,1000
SERENITY TERRACE,14,OCR,1000,1000
SPRINGBROOK TERRACE,17,OCR,1000,1000
TEACHERS' HOUSING ESTATE,26,OCR,1885,999
THE 101,7,CCR,1827,999
VENTANA VILLAS,5,RCR,1000,1000
18 SHELFORD,11,CCR,1000,1000
CASSIA EDGE,14,RCR,1000,1000
CHUAN LOFT,19,OCR,2001,99
GUILLEMARD VIEW,14,RCR,1000,1000
HOA NAM BUILDING,8,RCR,1000,1000
LEICESTER LODGE,13,RCR,1000,1000
LINK RESIDENCE @ HOLLAND,10,CCR,1000,1000
NORMANTON PARK,5,RCR,2019,99
PARC CENTRAL RESIDENCES,18,OCR,2019,99
PEACE MANSION,9,CCR,1970,99
QUEENSWAY SHOPPING CENTRE,3,RCR,1000,1000
TECK CHYE GARDENS,19,OCR,1000,1000
THE REEF AT KING'S DOCK,4,RCR,2021,99
THE RITZ-CARLTON RESIDENCES SINGAPORE CA,9,CCR,1000,1000
WEI MIN GARDEN,16,OCR,1000,1000
BEAUTY WORLD PLAZA,21,RCR,1884,999
BREEZEWAYS,5,RCR,1000,1000
EAST MEWS,15,RCR,1000,1000
EASTWOOD GREEN TERRACES,16,OCR,1995,99
ELIZABETH HEIGHT,9,CCR,1000,1000
GREENLANE APARTMENT,15,RCR,1000,1000
HERITAGE 9,15,RCR,1000,1000
INSTITUTION VILLE,9,CCR,1841,999
J@63,15,OCR,1000,1000
PROSPECT GARDEN,15,OCR,1000,1000
SHAN YAO GARDEN,21,RCR,1000,1000
SUNFLOWER REGENCY,14,RCR,1000,1000
TELOK MANSION,15,OCR,1000,1000
TREVOSE 12,11,CCR,1000,1000
WING FONG MANSIONS/WING FONG COURT,14,RCR,1000,1000
BENA PARK,17,OCR,1000,1000
EASTERN RESIDENCE,15,OCR,1000,1000
EDEN,10,CCR,1000,1000
ENCHANTÃƒâ€°,11,CCR,1000,1000
GREENLANE APARTMENTS,15,RCR,1000,1000
HILLVIEW ESTATE,23,OCR,1000,1000
LA MARIPOSA,15,RCR,1000,1000
MIDTOWN MODERN,7,CCR,2019,99
RAMBAI COURT,15,RCR,1000,1000
ROBIN VILLAGE,10,CCR,1000,1000
SHELFORD MANSIONS,11,CCR,1000,1000
SURREY POINT,11,CCR,1000,1000
TG MANSION,15,OCR,1000,1000
THE ATELIER,9,CCR,1000,1000
WIMBORNE VILLAS,15,RCR,1000,1000
75BR,7,CCR,1827,999
CHUAN PARK (DEMOLISHED),19,OCR,1980,99
CORONATION WEST PARK,10,CCR,1875,999
ENGLISH VILLAS,16,OCR,1000,1000
FU YUEN BUILDING,7,CCR,1827,999
GERALD MUGLISTON ESTATE,28,OCR,1879,999
GRANGE 1866,10,CCR,1000,1000
HUIT,26,OCR,1884,999
IRWELL HILL RESIDENCES,9,CCR,2020,99
ONE-NORTH EDEN,5,RCR,2019,99
PALMS @ SIXTH AVENUE,10,CCR,1000,1000
PEAK RESIDENCE,11,CCR,1000,1000
RICH MANSION,10,CCR,1000,1000
SIGLAP HILL 33,15,OCR,1000,1000
SPRINGLEAF GREEN,26,OCR,1000,1000
WOO MON CHEW COURT,15,OCR,1000,1000
BUKIT LOYANG ESTATE,17,OCR,1000,1000
CARMI MANSIONS,14,RCR,1000,1000
CHESTNUT GARDENS,23,OCR,1882,999
ELITE COURT,15,OCR,1000,1000
JI CHANG VILLA,15,OCR,1000,1000
KEMBANGAN ESTATE,14,OCR,1000,1000
LES MAISONS NASSIM,10,CCR,1000,1000
LIMAU GROVE,16,OCR,1000,1000
MILFORD VILLAS,13,OCR,1000,1000
NEWTON LODGE,11,CCR,1000,1000
ONE BERNAM,2,CCR,2019,99
PARK NOVA,10,CCR,1000,1000
PROVENCE RESIDENCE,27,OCR,2020,99
RESIDENCE 8,10,CCR,1000,1000
SERANGOON GARDEN PARK,19,OCR,1000,1000
SOMMERVILLE RESIDENCES,13,OCR,1000,1000
UPPER SERANGOON SHOPPING CENTRE,19,OCR,1000,1000
EASTWOOD LODGE,16,OCR,1996,99
JERVOIS JADE,10,CCR,1998,99
JI LIANG GARDENS,15,OCR,1000,1000
KEMBANGAN VILLAS,14,OCR,1000,1000
KLASSIC COURT,15,RCR,1000,1000
LIEN TOWERS,10,CCR,1000,1000
M SUITES,14,OCR,1000,1000
REBECCA PARK,10,CCR,1875,999
RICH.RESIDENCE,19,OCR,1000,1000
RYMDEN 77,15,OCR,1000,1000
TELOK KURAU RIA,15,OCR,1000,1000
THOMSON RIDGE,20,RCR,1000,1000
CASA SERENO,14,OCR,1000,1000
CHATEAU LA SALLE,15,OCR,1000,1000
DUNSFOLD RESIDENCES,13,OCR,1000,1000
FLORENCE TERRACE,19,OCR,1875,999
GUILIN MANSIONS,14,RCR,1000,1000
HAIG RESIDENCES,15,RCR,1000,1000
HARVEY VIEW,16,OCR,1000,1000
JC COURT,15,RCR,1000,1000
KING'S 8,10,CCR,1000,1000
LE MARICAN,14,OCR,1000,1000
MELINIA COURT,15,OCR,1000,1000
PASIR RIS 8,18,OCR,2020,99
RIVERWALK APARTMENT,1,RCR,1980,99
ROSIE VIEW,11,CCR,1000,1000
DAIRY FARM ESTATE,23,OCR,1000,1000
DELFI ORCHARD,9,CCR,1000,1000
KLIMT CAIRNHILL,9,CCR,1000,1000
LORNIE 18,11,CCR,1000,1000
RACE COURSE BUILDING,8,RCR,1000,1000
RESIDENCES AT EMERALD HILL,9,CCR,1000,1000
SELBY GARDENS,10,CCR,1000,1000
THE WATERGARDENS AT CANBERRA,27,OCR,2020,99
BARTLEY VUE,19,RCR,2020,99
BLISS REGALIA,8,RCR,1000,1000
CAMDEN PARK,11,CCR,1000,1000
CLYDESCOVE,17,OCR,1937,946
DUNEARN LODGE,11,CCR,1993,99
ETON COURT,15,OCR,1000,1000
GARLICK PARK,10,CCR,1000,1000
GREENDALE COURT,11,CCR,1000,1000
HAPPY MANSION,13,RCR,1000,1000
JALAN KAYU ESTATE,28,OCR,1879,999
JERVOIS MANSION,10,CCR,1000,1000
LAUW AND SONS GARDEN,20,RCR,1000,1000
LE ROYCE @ LEITH PARK,19,OCR,1000,1000
PARC GREENWICH,28,OCR,2020,99
ST MARTIN'S,10,CCR,1000,1000
BELLAVILLE,13,RCR,1000,1000
BRIGHTHILL RESIDENCES,20,RCR,1000,1000
COTSWOLD VILLAS,13,OCR,1000,1000
CRYSTAL DEW,14,RCR,1000,1000
JEWEL @ CHUAN HOE,19,OCR,1886,999
KOON SENG COURT,15,RCR,1000,1000
WHITLEYVILLE,11,CCR,1000,1000
CANNINGHILL PIERS,6,RCR,2021,99
D'WILKINSON,15,RCR,1000,1000
GOVT CO-OP HOUSING ESTATE,19,OCR,1000,1000
KOVAN GARDENS,19,OCR,1000,1000
PENANG SERVICE APARTMENTS,14,RCR,1000,1000
RESIDENCES @ STANGEE,15,RCR,1000,1000
SECOND AVENUE JUNCTION,10,CCR,1000,1000
ST THOMAS COURT,9,CCR,1000,1000
THE CARRARA,15,RCR,1000,1000
THE COMMODORE,27,OCR,2020,99
WINDSOR PARK,20,RCR,1000,1000
IVORY APARTMENTS,15,OCR,1000,1000
KARTAR APARTMENTS,11,CCR,1000,1000
LLOYD COURT,9,CCR,1000,1000
MORI,14,RCR,1000,1000
PERFECT TEN,10,CCR,1000,1000
THE RIVERSIDE PIAZZA,1,RCR,1992,99
ZYANYA,14,RCR,1000,1000
BELGRAVIA ACE,28,OCR,1000,1000
CARMINE COLLECTION,21,RCR,1000,1000
EASTWOOD GARDENS,15,OCR,1000,1000
GLORIA MANSION,5,RCR,1000,1000
KING'S COURT,8,RCR,1000,1000
BIRCHWOOD MANSIONS,12,RCR,1000,1000
CHESTER PARK,5,RCR,1000,1000
FIVE CHANCERY,11,CCR,1000,1000
GAMBIR TERRACE,19,OCR,1000,1000
GRACE COURT,15,OCR,1000,1000
HOLLAND GROVE PARK,10,CCR,1000,1000
KIMSIA PARK,9,CCR,1000,1000
ROYAL HALLMARK,15,RCR,1000,1000
ARIVA ON SHAN SERVICED RESIDENCE,12,RCR,1000,1000
GALLOP VILLAS,10,CCR,1000,1000
HAIG LODGE,15,RCR,1000,1000
YIKAI COURT,19,OCR,1000,1000
CHIP BEE GARDENS,10,CCR,1000,1000
GREEN COURT,14,RCR,1000,1000
IKIGAI,11,CCR,1000,1000
LI TONG GARDENS,15,OCR,1000,1000
NORTH GAIA,27,OCR,2021,99
RANGOON APARTMENTS,8,RCR,1000,1000
ATLASSIA,15,RCR,1000,1000
BAYWIND RESIDENCES,15,OCR,1000,1000
HONG BUILDING,8,RCR,1000,1000
JERVOISVILLE,10,CCR,1000,1000
LIV @ MB,15,RCR,2021,99
PADDY GREEN,14,RCR,1000,1000
PICCADILLY GRAND,8,RCR,2021,99
SEMBAWANG GARDEN ARCADE,27,OCR,1000,1000
SPRING WATERS VILLAS,27,OCR,1931,953
TIARA VISTA,15,OCR,1000,1000
CALIN MANSIONS,14,RCR,1000,1000
CAPE ROYALE,4,CCR,2008,99
CHOON SING GARDEN,20,RCR,1000,1000
EAST COURT,15,RCR,1000,1000
LOWLAND VIEW,19,OCR,1000,1000
MADEIRA COURT,15,OCR,1000,1000
AMO RESIDENCE,20,OCR,2021,99
CAMELODGE,15,OCR,1000,1000
JURONG PARK,21,RCR,1000,1000
MEYA LODGE,13,RCR,1000,1000
NASSIM LODGE,10,CCR,1000,1000
JERVOIS PRIVE,10,CCR,1000,1000
THE JARDINE RESIDENCES,19,OCR,1000,1000
WHITE HOUSE PARK,10,CCR,1000,1000
JERVOIS VILLE,10,CCR,1000,1000
LENTOR MODERN,26,OCR,2021,99
SEA VIEW PARK,15,RCR,1000,1000
SKY EDEN@BEDOK,16,OCR,2022,99
WESTRIDGE,5,RCR,1000,1000
COPEN GRAND,24,OCR,2021,99
ENCHANT‰,11,CCR,1000,1000
ENCHANT�‰,11,CCR,1000,1000
JK BUILDING,21,RCR,1000,1000
NASSIM 9,10,CCR,1000,1000
POLLEN COLLECTION,28,OCR,2019,99
BOAT QUAY CONSERVATION AREA,1,RCR,1826,999
COUNTRYVIEW,27,OCR,1000,1000
HILL HOUSE,9,CCR,1841,999
HOLLLAND GROVE PARK,10,CCR,1000,1000
KOVAN JEWEL,19,OCR,1000,1000
CAIRNHILL 16,9,CCR,1000,1000
KEMBANGAN COURT,14,OCR,1000,1000
PARK COURT,15,RCR,1000,1000
TENET,18,OCR,2021,99
MIRAMAR GARDENS,19,OCR,1883,999
MONDO MANSION BUILDING,19,OCR,1000,1000
SCENECA RESIDENCE,16,OCR,2021,99
THE MYST,23,OCR,2023,99
QUEEN ASTRID GARDENS,10,CCR,1876,999
TERRA HILL,5,RCR,1000,1000
THE BOTANY AT DAIRY FARM,23,OCR,2022,99
WEST SEA GARDENS,5,RCR,1000,1000
BLOSSOMS BY THE PARK,5,RCR,2022,99
K SUITES,15,OCR,1000,1000
OXLEY GARDEN,9,CCR,1000,1000
TEMBUSU GRAND,15,RCR,2022,99
KEW LODGE,11,CCR,1000,1000
MACHUAN TERRACE,19,OCR,1000,1000
THE CONTINUUM,15,RCR,1000,1000
THE RESERVE RESIDENCES,21,RCR,2021,99
UNI BUILDING,15,OCR,1000,1000
LAVENDER RESIDENCE,12,RCR,1000,1000
OAK VILLAS,10,CCR,1000,1000
PRESTIGE POINT,19,OCR,1000,1000
SANCTUARY@NEWTON,11,CCR,1000,1000
STARPOINT,5,RCR,1000,1000
DUBLIN ROAD FLATS,9,CCR,1000,1000
GOLDWOOD GARDENS,27,OCR,1000,1000
GRAND DUNMAN,15,RCR,2022,99
LENTOR HILLS RESIDENCES,26,OCR,2022,99
PARQ BELLA,15,RCR,1000,1000
PINETREE HILL,21,RCR,2022,99
TENGGIRIA,15,OCR,1000,1000
YIO CHU KANG TERRACE,19,OCR,1000,1000
YUGI GARDEN,16,OCR,1000,1000
ALTURA,23,OCR,2022,99
EASTERN GARDEN,16,OCR,1000,1000
GOLDHILL GARDEN,11,CCR,1000,1000
ONE CLAYMORE,9,CCR,1000,1000
ORCHARD SOPHIA,9,CCR,1000,1000
THE ARDEN,23,OCR,2023,99
THE LAKEGARDEN RESIDENCES,22,OCR,2023,99
TMW MAXWELL,2,RCR,2023,99
EASTWOOD TERRACE,16,OCR,1995,99
HOW SUN GARDEN,19,OCR,1000,1000
THE RESIDENCES AT W SINGAPORE SENTOSA COVE,4,CCR,2006,99
THE SHOREFRONT,17,OCR,1937,999
MATTAR RESIDENCES,14,RCR,1000,1000
PEIRCE VALE,26,OCR,1885,999
BARTLEY RISE,19,OCR,1000,1000
DAISY TERRACE,13,OCR,1000,1000
GEMS VILLE,14,RCR,1000,1000
HILLOCK GREEN,26,OCR,2022,99
J'DEN,22,OCR,2023,99
VERDOR RESIDENCES,15,RCR,1000,1000
WATTEN HOUSE,11,CCR,1000,1000
POPULAR ESTATE,23,OCR,1000,1000
CHUVILLE,5,RCR,1000,1000
HILLHAVEN,23,OCR,2023,99
KUAN MING GARDENS,19,OCR,1000,1000
LUMINA GRAND,23,OCR,2022,99
THE ARCADY AT BOON KENG,12,RCR,1000,1000
WEST COAST VIEW,5,OCR,1000,1000
ARDOR RESIDENCE,15,RCR,1000,1000
CLAYDENCE,15,RCR,1000,1000
KOON SENG HOUSE,15,RCR,1000,1000
LENTOR MANSION,26,OCR,2023,99
LENTORIA,26,OCR,2022,99
SING LIAN BUILDING,14,OCR,1000,1000
32 GILSTEAD,11,CCR,1000,1000
BETA GROVE,15,OCR,1000,1000
GERALD MUGLISTON,28,OCR,1879,999
RESERVOIR VILLAS,14,OCR,1995,99
RICHARDS PARK,19,OCR,1000,1000
SIN MING CENTRE,20,RCR,1000,1000
THE HILL @ONE-NORTH,5,RCR,2022,99
THE HILLSHORE,5,RCR,1000,1000
THE MEYER PLACE,15,RCR,1000,1000
JANSEN HOUSE,19,OCR,1876,999
SKYWATERS RESIDENCES,1,CCR,2020,99
The Greenwood,11,CCR,1000,1000
FORTUNA GARDEN,19,OCR,1000,1000
STRAITS AT JOO CHIAT,15,OCR,1000,1000
CANAAN,14,RCR,1000,1000
EAST 25 APARTMENTS,14,RCR,1000,1000
GREEN  HILL ESTATE,23,OCR,1000,1000
KASSIA,17,OCR,1000,1000
RISING COURT,15,RCR,1000,1000
SORA,22,OCR,2023,99
COLCHESTER PARK,19,OCR,1956,999
DUNMAN GROVE,15,RCR,1000,1000
FORTUNA SEAVIEW VILLAS,16,OCR,1000,1000
SANDERIANA,15,OCR,1000,1000
TANGLIN HILL VILLAS,10,CCR,1000,1000
THE COTERIE @ HOLLAND,10,CCR,1000,1000
8@BT,21,RCR,2023,99
JERVOIS GROVE,10,CCR,1000,1000
GIFFARD MANSIONS,12,RCR,1000,1000
MEYER BLUE,15,RCR,1000,1000
NORWOOD GRAND,25,OCR,2023,99
EMERALD OF KATONG,15,RCR,2023,99
NAVA GROVE,21,RCR,2024,99
NOVO PLACE,24,OCR,2023,99
THE COLLECTIVE AT ONE SOPHIA,9,CCR,2023,99
UNION SQUARE RESIDENCES,1,RCR,2024,99
HARBOUR RESIDENCES,5,RCR,1000,1000
BAGNALL HAUS,16,OCR,1000,1000
GPL TERRACE,13,RCR,1000,1000
THE ORIE,12,RCR,2024,99
ELTA,5,OCR,2024,99
PARKTOWN RESIDENCE,18,OCR,2023,99
AUREA,7,CCR,2024,99
AURELLE OF TAMPINES,18,OCR,2024,99
LENTOR CENTRAL RESIDENCES,26,OCR,2023,99
THE GATZ,14,RCR,1000,1000
21 ANDERSON,10,CCR,1000,1000
BLOOMSBURY RESIDENCES,5,RCR,2024,99
ONE MARINA GARDENS,1,RCR,2023,99
MOUNTBATTEN LIGHTS,15,RCR,1000,1000
TREASURE ON BALMORAL,10,CCR,1000,1000
AMBER HOUSE,15,RCR,1000,1000
ARINA EAST RESIDENCES,15,RCR,1000,1000
LORNIE GARDENS,11,CCR,1000,1000
SENG HUA GARDENS,15,OCR,1000,1000
21 SHELFORD,11,CCR,1000,1000
LYNDENWOODS,5,RCR,2025,99
OTTO PLACE,24,OCR,2024,99
RISING SUITES,10,CCR,1000,1000
THE ROBERTSON OPUS,9,CCR,1841,999
UPPERHOUSE AT ORCHARD BOULEVARD,10,CCR,2024,99
VILLAEA VISTA,10,CCR,1000,1000
W RESIDENCES MARINA VIEW - SINGAPORE,1,CCR,2021,99
ARTISAN 8,20,RCR,1000,1000
CANBERRA CRESCENT RESIDENCES,27,OCR,2024,99
CHIKU MANSIONS,15,RCR,1000,1000
PROMENADE PEAK,3,RCR,2024,99
RIVER GREEN,9,CCR,2024,99
SENYUM RESIDENCES,14,OCR,1000,1000
SPRINGLEAF RESIDENCE,26,OCR,2024,99
DA SILVA VILLAS,19,OCR,1000,1000
DALVEY VILLAS,10,CCR,1000,1000
FABER RESIDENCE,5,OCR,2025,99
KAI FOOK MANSION,3,RCR,1960,9999
PENRITH,3,RCR,2024,99
SKYE AT HOLLAND,10,CCR,2024,99
ZYON GRAND,3,RCR,2024,99
KINDOL GARDENS,27,OCR,1885,999
THE SEN,21,RCR,2025,99
POLLEN COLLECTION II,28,OCR,2020,99
